Product Name,Presentation,Processing Time (Business Days),Shipping Zone,Shipping Time (Business Days),Total Fulfillment Time (Business Days)
Tundra Eau de Parfum,100ml,1,Zona Norte,2,3
Tundra Eau de Parfum,100ml,1,Zona Centro,3,4
Tundra Eau de Parfum,100ml,1,Zona Bajío–Occidente,4,5
Tundra Eau de Parfum,100ml,1,Zona Sur,5,6
Set LeBoret No. 1,3 x 100ml,2,Zona Norte,2,4
Set LeBoret No. 1,3 x 100ml,2,Zona Centro,3,5
Set LeBoret No. 1,3 x 100ml,2,Zona Bajío–Occidente,4,6
Set LeBoret No. 1,3 x 100ml,2,Zona Sur,5,7
Set Descubriendo LeBoret,3 x 5ml,1,Zona Norte,2,3
Set Descubriendo LeBoret,3 x 5ml,1,Zona Centro,3,4
Set Descubriendo LeBoret,3 x 5ml,1,Zona Bajío–Occidente,4,5
Set Descubriendo LeBoret,3 x 5ml,1,Zona Sur,5,6
Sahara Eau de Parfum,100ml,1,Zona Norte,2,3
Sahara Eau de Parfum,100ml,1,Zona Centro,3,4
Sahara Eau de Parfum,100ml,1,Zona Bajío–Occidente,4,5
Sahara Eau de Parfum,100ml,1,Zona Sur,5,6
Manhattan Eau de Parfum,100ml,1,Zona Norte,2,3
Manhattan Eau de Parfum,100ml,1,Zona Centro,3,4
Manhattan Eau de Parfum,100ml,1,Zona Bajío–Occidente,4,5
Manhattan Eau de Parfum,100ml,1,Zona Sur,5,6