"Nombre del producto","Título de variante de producto","SKU de variante de producto","Costo de artículo de inventario","Día","Unidades de inventario finales","Valor final del inventario"
"Tundra Eau de Parfum","100ml","10",150,"2024-10-22",194,29100
"Set LeBorêt No. 1","3 x 100ml","1",660,"2024-10-22",67,44220
"Set Descubriendo LeBorêt","3 x 5ml","2",30,"2024-10-22",152,4560
"Sahara Eau de Parfum","100ml","1035",170,"2024-10-22",196,33320
"Manhattan Eau de Parfum","100ml","2002",150,"2024-10-22",181,27150
"Tundra Eau de Parfum","100ml","10",150,"2024-10-23",194,29100
"Set LeBorêt No. 1","3 x 100ml","1",660,"2024-10-23",63,41580
"Set Descubriendo LeBorêt","3 x 5ml","2",30,"2024-10-23",152,4560
"Sahara Eau de Parfum","100ml","1035",170,"2024-10-23",196,33320
"Manhattan Eau de Parfum","100ml","2002",150,"2024-10-23",180,27000
"Set LeBorêt No. 1","3 x 100ml","1",660,"2024-10-24",198,130680
"Tundra Eau de Parfum","100ml","10",150,"2024-10-24",194,29100
"Sahara Eau de Parfum","100ml","1035",170,"2024-10-24",196,33320
"Set Descubriendo LeBorêt","3 x 5ml","2",30,"2024-10-24",151,4530
"Manhattan Eau de Parfum","100ml","2002",150,"2024-10-24",179,26850
"Set LeBorêt No. 1","3 x 100ml","1",660,"2024-10-25",197,130020
"Tundra Eau de Parfum","100ml","10",150,"2024-10-25",194,29100
"Sahara Eau de Parfum","100ml","1035",170,"2024-10-25",196,33320
"Set Descubriendo LeBorêt","3 x 5ml","2",30,"2024-10-25",152,4560
"Manhattan Eau de Parfum","100ml","2002",150,"2024-10-25",181,27150
"Set LeBorêt No. 1","3 x 100ml","1",660,"2024-10-26",195,128700
"Tundra Eau de Parfum","100ml","10",150,"2024-10-26",194,29100
"Sahara Eau de Parfum","100ml","1035",170,"2024-10-26",196,33320
"Set Descubriendo LeBorêt","3 x 5ml","2",30,"2024-10-26",152,4560
"Manhattan Eau de Parfum","100ml","2002",150,"2024-10-26",181,27150
"Set LeBorêt No. 1","3 x 100ml","1",660,"2024-10-27",195,128700
"Tundra Eau de Parfum","100ml","10",150,"2024-10-27",194,29100
"Sahara Eau de Parfum","100ml","1035",170,"2024-10-27",196,33320
"Set Descubriendo LeBorêt","3 x 5ml","2",30,"2024-10-27",152,4560
"Manhattan Eau de Parfum","100ml","2002",150,"2024-10-27",181,27150
"Set LeBorêt No. 1","3 x 100ml","1",660,"2024-10-28",194,128040
"Tundra Eau de Parfum","100ml","10",150,"2024-10-28",194,29100
"Manhattan Eau de Parfum","100ml","2002",150,"2024-10-28",181,27150
"Sahara Eau de Parfum","100ml","1035",170,"2024-10-28",196,33320
"Set Descubriendo LeBorêt","3 x 5ml","2",30,"2024-10-28",152,4560
"Set LeBorêt No. 1","3 x 100ml","1",660,"2024-10-29",194,128040
"Tundra Eau de Parfum","100ml","10",150,"2024-10-29",194,29100
"Manhattan Eau de Parfum","100ml","2002",150,"2024-10-29",181,27150
"Sahara Eau de Parfum","100ml","1035",170,"2024-10-29",196,33320
"Set Descubriendo LeBorêt","3 x 5ml","2",30,"2024-10-29",152,4560
"Set LeBorêt No. 1","3 x 100ml","1",660,"2024-10-30",195,128700
"Tundra Eau de Parfum","100ml","10",150,"2024-10-30",194,29100
"Manhattan Eau de Parfum","100ml","2002",150,"2024-10-30",181,27150
"Sahara Eau de Parfum","100ml","1035",170,"2024-10-30",196,33320
"Set Descubriendo LeBorêt","3 x 5ml","2",30,"2024-10-30",152,4560
"Set LeBorêt No. 1","3 x 100ml","1",660,"2024-10-31",194,128040
"Tundra Eau de Parfum","100ml","10",150,"2024-10-31",194,29100
"Manhattan Eau de Parfum","100ml","2002",150,"2024-10-31",181,27150
"Sahara Eau de Parfum","100ml","1035",170,"2024-10-31",196,33320
"Set Descubriendo LeBorêt","3 x 5ml","2",30,"2024-10-31",152,4560
"Tundra Eau de Parfum","100ml","10",150,"2024-11-01",194,29100
"Set LeBorêt No. 1","3 x 100ml","1",660,"2024-11-01",194,128040
"Manhattan Eau de Parfum","100ml","2002",150,"2024-11-01",180,27000
"Set Descubriendo LeBorêt","3 x 5ml","2",30,"2024-11-01",152,4560
"Sahara Eau de Parfum","100ml","1035",170,"2024-11-01",196,33320
"Tundra Eau de Parfum","100ml","10",150,"2024-11-02",194,29100
"Set LeBorêt No. 1","3 x 100ml","1",660,"2024-11-02",193,127380
"Manhattan Eau de Parfum","100ml","2002",150,"2024-11-02",180,27000
"Set Descubriendo LeBorêt","3 x 5ml","2",30,"2024-11-02",152,4560
"Sahara Eau de Parfum","100ml","1035",170,"2024-11-02",196,33320
"Tundra Eau de Parfum","100ml","10",150,"2024-11-03",194,29100
"Set LeBorêt No. 1","3 x 100ml","1",660,"2024-11-03",192,126720
"Manhattan Eau de Parfum","100ml","2002",150,"2024-11-03",180,27000
"Set Descubriendo LeBorêt","3 x 5ml","2",30,"2024-11-03",152,4560
"Sahara Eau de Parfum","100ml","1035",170,"2024-11-03",197,33490
"Tundra Eau de Parfum","100ml","10",150,"2024-11-04",194,29100
"Set LeBorêt No. 1","3 x 100ml","1",660,"2024-11-04",190,125400
"Manhattan Eau de Parfum","100ml","2002",150,"2024-11-04",179,26850
"Set Descubriendo LeBorêt","3 x 5ml","2",30,"2024-11-04",152,4560
"Sahara Eau de Parfum","100ml","1035",170,"2024-11-04",197,33490
"Set Descubriendo LeBorêt","3 x 5ml","2",30,"2024-11-05",152,4560
"Sahara Eau de Parfum","100ml","1035",170,"2024-11-05",197,33490
"Manhattan Eau de Parfum","100ml","2002",150,"2024-11-05",179,26850
"Tundra Eau de Parfum","100ml","10",150,"2024-11-05",194,29100
"Set LeBorêt No. 1","3 x 100ml","1",660,"2024-11-05",190,125400
"Set Descubriendo LeBorêt","3 x 5ml","2",30,"2024-11-06",151,4530
"Sahara Eau de Parfum","100ml","1035",170,"2024-11-06",197,33490
"Manhattan Eau de Parfum","100ml","2002",150,"2024-11-06",179,26850
"Tundra Eau de Parfum","100ml","10",150,"2024-11-06",194,29100
"Set LeBorêt No. 1","3 x 100ml","1",660,"2024-11-06",190,125400
"Set Descubriendo LeBorêt","3 x 5ml","2",30,"2024-11-07",151,4530
"Sahara Eau de Parfum","100ml","1035",170,"2024-11-07",197,33490
"Manhattan Eau de Parfum","100ml","2002",150,"2024-11-07",179,26850
"Tundra Eau de Parfum","100ml","10",150,"2024-11-07",194,29100
"Set LeBorêt No. 1","3 x 100ml","1",660,"2024-11-07",189,124740
"Set Descubriendo LeBorêt","3 x 5ml","2",30,"2024-11-08",150,4500
"Sahara Eau de Parfum","100ml","1035",170,"2024-11-08",197,33490
"Manhattan Eau de Parfum","100ml","2002",150,"2024-11-08",179,26850
"Tundra Eau de Parfum","100ml","10",150,"2024-11-08",194,29100
"Set LeBorêt No. 1","3 x 100ml","1",660,"2024-11-08",188,124080
"Sahara Eau de Parfum","100ml","1035",170,"2024-11-09",197,33490
"Set Descubriendo LeBorêt","3 x 5ml","2",30,"2024-11-09",147,4410
"Manhattan Eau de Parfum","100ml","2002",150,"2024-11-09",179,26850
"Set LeBorêt No. 1","3 x 100ml","1",660,"2024-11-09",184,121440
"Tundra Eau de Parfum","100ml","10",150,"2024-11-09",194,29100
"Sahara Eau de Parfum","100ml","1035",170,"2024-11-10",197,33490
"Set Descubriendo LeBorêt","3 x 5ml","2",30,"2024-11-10",146,4380
"Manhattan Eau de Parfum","100ml","2002",150,"2024-11-10",178,26700
"Set LeBorêt No. 1","3 x 100ml","1",660,"2024-11-10",184,121440
"Tundra Eau de Parfum","100ml","10",150,"2024-11-10",194,29100
"Sahara Eau de Parfum","100ml","1035",170,"2024-11-11",197,33490
"Set Descubriendo LeBorêt","3 x 5ml","2",30,"2024-11-11",146,4380
"Manhattan Eau de Parfum","100ml","2002",150,"2024-11-11",178,26700
"Set LeBorêt No. 1","3 x 100ml","1",660,"2024-11-11",181,119460
"Tundra Eau de Parfum","100ml","10",150,"2024-11-11",194,29100
"Sahara Eau de Parfum","100ml","1035",170,"2024-11-12",197,33490
"Set Descubriendo LeBorêt","3 x 5ml","2",30,"2024-11-12",146,4380
"Manhattan Eau de Parfum","100ml","2002",150,"2024-11-12",178,26700
"Set LeBorêt No. 1","3 x 100ml","1",660,"2024-11-12",180,118800
"Tundra Eau de Parfum","100ml","10",150,"2024-11-12",194,29100
"Manhattan Eau de Parfum","100ml","2002",150,"2024-11-13",178,26700
"Sahara Eau de Parfum","100ml","1035",170,"2024-11-13",197,33490
"Set Descubriendo LeBorêt","3 x 5ml","2",30,"2024-11-13",144,4320
"Set LeBorêt No. 1","3 x 100ml","1",660,"2024-11-13",176,116160
"Tundra Eau de Parfum","100ml","10",150,"2024-11-13",194,29100
"Manhattan Eau de Parfum","100ml","2002",150,"2024-11-14",178,26700
"Sahara Eau de Parfum","100ml","1035",170,"2024-11-14",197,33490
"Set Descubriendo LeBorêt","3 x 5ml","2",30,"2024-11-14",142,4260
"Set LeBorêt No. 1","3 x 100ml","1",660,"2024-11-14",174,114840
"Tundra Eau de Parfum","100ml","10",150,"2024-11-14",194,29100
"Manhattan Eau de Parfum","100ml","2002",150,"2024-11-15",178,26700
"Sahara Eau de Parfum","100ml","1035",170,"2024-11-15",197,33490
"Set Descubriendo LeBorêt","3 x 5ml","2",30,"2024-11-15",142,4260
"Set LeBorêt No. 1","3 x 100ml","1",660,"2024-11-15",166,109560
"Tundra Eau de Parfum","100ml","10",150,"2024-11-15",194,29100
"Manhattan Eau de Parfum","100ml","2002",150,"2024-11-16",177,26550
"Sahara Eau de Parfum","100ml","1035",170,"2024-11-16",197,33490
"Set Descubriendo LeBorêt","3 x 5ml","2",30,"2024-11-16",141,4230
"Set LeBorêt No. 1","3 x 100ml","1",660,"2024-11-16",161,106260
"Tundra Eau de Parfum","100ml","10",150,"2024-11-16",194,29100
"Manhattan Eau de Parfum","100ml","2002",150,"2024-11-17",177,26550
"Set Descubriendo LeBorêt","3 x 5ml","2",30,"2024-11-17",138,4140
"Sahara Eau de Parfum","100ml","1035",170,"2024-11-17",197,33490
"Tundra Eau de Parfum","100ml","10",150,"2024-11-17",194,29100
"Set LeBorêt No. 1","3 x 100ml","1",660,"2024-11-17",152,100320
"Manhattan Eau de Parfum","100ml","2002",150,"2024-11-18",176,26400
"Set Descubriendo LeBorêt","3 x 5ml","2",30,"2024-11-18",138,4140
"Sahara Eau de Parfum","100ml","1035",170,"2024-11-18",197,33490
"Tundra Eau de Parfum","100ml","10",150,"2024-11-18",193,28950
"Set LeBorêt No. 1","3 x 100ml","1",660,"2024-11-18",143,94380
"Manhattan Eau de Parfum","100ml","2002",150,"2024-11-19",176,26400
"Set Descubriendo LeBorêt","3 x 5ml","2",30,"2024-11-19",138,4140
"Sahara Eau de Parfum","100ml","1035",170,"2024-11-19",197,33490
"Tundra Eau de Parfum","100ml","10",150,"2024-11-19",193,28950
"Set LeBorêt No. 1","3 x 100ml","1",660,"2024-11-19",141,93060
"Manhattan Eau de Parfum","100ml","2002",150,"2024-11-20",176,26400
"Set Descubriendo LeBorêt","3 x 5ml","2",30,"2024-11-20",138,4140
"Sahara Eau de Parfum","100ml","1035",170,"2024-11-20",197,33490
"Tundra Eau de Parfum","100ml","10",150,"2024-11-20",193,28950
"Set LeBorêt No. 1","3 x 100ml","1",660,"2024-11-20",0,0
"Sahara Eau de Parfum","100ml","1035",170,"2024-11-21",197,33490
"Set Descubriendo LeBorêt","3 x 5ml","2",30,"2024-11-21",200,6000
"Manhattan Eau de Parfum","100ml","2002",150,"2024-11-21",176,26400
"Set LeBorêt No. 1","3 x 100ml","1",660,"2024-11-21",-1,0
"Tundra Eau de Parfum","100ml","10",150,"2024-11-21",193,28950
"Sahara Eau de Parfum","100ml","1035",170,"2024-11-22",197,33490
"Set Descubriendo LeBorêt","3 x 5ml","2",30,"2024-11-22",200,6000
"Manhattan Eau de Parfum","100ml","2002",150,"2024-11-22",176,26400
"Set LeBorêt No. 1","3 x 100ml","1",660,"2024-11-22",198,130680
"Tundra Eau de Parfum","100ml","10",150,"2024-11-22",193,28950
"Sahara Eau de Parfum","100ml","1035",170,"2024-11-23",197,33490
"Set Descubriendo LeBorêt","3 x 5ml","2",30,"2024-11-23",200,6000
"Manhattan Eau de Parfum","100ml","2002",150,"2024-11-23",176,26400
"Set LeBorêt No. 1","3 x 100ml","1",660,"2024-11-23",195,128700
"Tundra Eau de Parfum","100ml","10",150,"2024-11-23",193,28950
"Sahara Eau de Parfum","100ml","1035",170,"2024-11-24",197,33490
"Set Descubriendo LeBorêt","3 x 5ml","2",30,"2024-11-24",200,6000
"Manhattan Eau de Parfum","100ml","2002",150,"2024-11-24",176,26400
"Set LeBorêt No. 1","3 x 100ml","1",660,"2024-11-24",190,125400
"Tundra Eau de Parfum","100ml","10",150,"2024-11-24",193,28950
"Set Descubriendo LeBorêt","3 x 5ml","2",30,"2024-11-25",199,5970
"Sahara Eau de Parfum","100ml","1035",170,"2024-11-25",197,33490
"Manhattan Eau de Parfum","100ml","2002",150,"2024-11-25",176,26400
"Tundra Eau de Parfum","100ml","10",150,"2024-11-25",193,28950
"Set LeBorêt No. 1","3 x 100ml","1",660,"2024-11-25",188,124080
"Set Descubriendo LeBorêt","3 x 5ml","2",30,"2024-11-26",197,5910
"Sahara Eau de Parfum","100ml","1035",170,"2024-11-26",197,33490
"Manhattan Eau de Parfum","100ml","2002",150,"2024-11-26",175,26250
"Tundra Eau de Parfum","100ml","10",150,"2024-11-26",193,28950
"Set LeBorêt No. 1","3 x 100ml","1",660,"2024-11-26",186,122760
"Set Descubriendo LeBorêt","3 x 5ml","2",30,"2024-11-27",196,5880
"Sahara Eau de Parfum","100ml","1035",170,"2024-11-27",197,33490
"Manhattan Eau de Parfum","100ml","2002",150,"2024-11-27",175,26250
"Tundra Eau de Parfum","100ml","10",150,"2024-11-27",193,28950
"Set LeBorêt No. 1","3 x 100ml","1",660,"2024-11-27",177,116820
"Set Descubriendo LeBorêt","3 x 5ml","2",30,"2024-11-28",196,5880
"Sahara Eau de Parfum","100ml","1035",170,"2024-11-28",197,33490
"Manhattan Eau de Parfum","100ml","2002",150,"2024-11-28",175,26250
"Tundra Eau de Parfum","100ml","10",150,"2024-11-28",193,28950
"Set LeBorêt No. 1","3 x 100ml","1",660,"2024-11-28",173,114180
"Manhattan Eau de Parfum","100ml","2002",150,"2024-11-29",175,26250
"Set Descubriendo LeBorêt","3 x 5ml","2",30,"2024-11-29",196,5880
"Sahara Eau de Parfum","100ml","1035",170,"2024-11-29",197,33490
"Tundra Eau de Parfum","100ml","10",150,"2024-11-29",193,28950
"Set LeBorêt No. 1","3 x 100ml","1",660,"2024-11-29",169,111540
"Manhattan Eau de Parfum","100ml","2002",150,"2024-11-30",174,26100
"Set Descubriendo LeBorêt","3 x 5ml","2",30,"2024-11-30",196,5880
"Sahara Eau de Parfum","100ml","1035",170,"2024-11-30",197,33490
"Tundra Eau de Parfum","100ml","10",150,"2024-11-30",193,28950
"Set LeBorêt No. 1","3 x 100ml","1",660,"2024-11-30",168,110880
"Manhattan Eau de Parfum","100ml","2002",150,"2024-12-01",174,26100
"Set Descubriendo LeBorêt","3 x 5ml","2",30,"2024-12-01",196,5880
"Sahara Eau de Parfum","100ml","1035",170,"2024-12-01",197,33490
"Tundra Eau de Parfum","100ml","10",150,"2024-12-01",193,28950
"Set LeBorêt No. 1","3 x 100ml","1",660,"2024-12-01",160,105600
"Manhattan Eau de Parfum","100ml","2002",150,"2024-12-02",174,26100
"Set Descubriendo LeBorêt","3 x 5ml","2",30,"2024-12-02",196,5880
"Sahara Eau de Parfum","100ml","1035",170,"2024-12-02",197,33490
"Tundra Eau de Parfum","100ml","10",150,"2024-12-02",193,28950
"Set LeBorêt No. 1","3 x 100ml","1",660,"2024-12-02",157,103620
"Manhattan Eau de Parfum","100ml","2002",150,"2024-12-03",173,25950
"Sahara Eau de Parfum","100ml","1035",170,"2024-12-03",197,33490
"Set Descubriendo LeBorêt","3 x 5ml","2",30,"2024-12-03",196,5880
"Set LeBorêt No. 1","3 x 100ml","1",660,"2024-12-03",154,101640
"Tundra Eau de Parfum","100ml","10",150,"2024-12-03",193,28950
"Manhattan Eau de Parfum","100ml","2002",150,"2024-12-04",173,25950
"Sahara Eau de Parfum","100ml","1035",170,"2024-12-04",197,33490
"Set Descubriendo LeBorêt","3 x 5ml","2",30,"2024-12-04",196,5880
"Set LeBorêt No. 1","3 x 100ml","1",660,"2024-12-04",152,100320
"Tundra Eau de Parfum","100ml","10",150,"2024-12-04",193,28950
"Manhattan Eau de Parfum","100ml","2002",150,"2024-12-05",173,25950
"Sahara Eau de Parfum","100ml","1035",170,"2024-12-05",197,33490
"Set Descubriendo LeBorêt","3 x 5ml","2",30,"2024-12-05",196,5880
"Set LeBorêt No. 1","3 x 100ml","1",660,"2024-12-05",150,99000
"Tundra Eau de Parfum","100ml","10",150,"2024-12-05",193,28950
"Manhattan Eau de Parfum","100ml","2002",150,"2024-12-06",29,4350
"Sahara Eau de Parfum","100ml","1035",170,"2024-12-06",30,5100
"Set Descubriendo LeBorêt","3 x 5ml","2",30,"2024-12-06",11,330
"Set LeBorêt No. 1","3 x 100ml","1",660,"2024-12-06",29,19140
"Tundra Eau de Parfum","100ml","10",150,"2024-12-06",31,4650
"Manhattan Eau de Parfum","100ml","2002",150,"2024-12-07",26,3900
"Sahara Eau de Parfum","100ml","1035",170,"2024-12-07",27,4590
"Set Descubriendo LeBorêt","3 x 5ml","2",30,"2024-12-07",11,330
"Set LeBorêt No. 1","3 x 100ml","1",660,"2024-12-07",26,17160
"Tundra Eau de Parfum","100ml","10",150,"2024-12-07",28,4200
"Manhattan Eau de Parfum","100ml","2002",150,"2024-12-08",17,2550
"Sahara Eau de Parfum","100ml","1035",170,"2024-12-08",20,3400
"Set Descubriendo LeBorêt","3 x 5ml","2",30,"2024-12-08",7,210
"Set LeBorêt No. 1","3 x 100ml","1",660,"2024-12-08",17,11220
"Tundra Eau de Parfum","100ml","10",150,"2024-12-08",21,3150
"Manhattan Eau de Parfum","100ml","2002",150,"2024-12-09",8,1200
"Sahara Eau de Parfum","100ml","1035",170,"2024-12-09",11,1870
"Set Descubriendo LeBorêt","3 x 5ml","2",30,"2024-12-09",7,210
"Set LeBorêt No. 1","3 x 100ml","1",660,"2024-12-09",8,5280
"Tundra Eau de Parfum","100ml","10",150,"2024-12-09",12,1800
"Manhattan Eau de Parfum","100ml","2002",150,"2024-12-10",48,7200
"Sahara Eau de Parfum","100ml","1035",170,"2024-12-10",51,8670
"Set Descubriendo LeBorêt","3 x 5ml","2",30,"2024-12-10",36,1080
"Set LeBorêt No. 1","3 x 100ml","1",660,"2024-12-10",48,31680
"Tundra Eau de Parfum","100ml","10",150,"2024-12-10",52,7800
"Manhattan Eau de Parfum","100ml","2002",150,"2024-12-11",44,6600
"Set Descubriendo LeBorêt","3 x 5ml","2",30,"2024-12-11",34,1020
"Sahara Eau de Parfum","100ml","1035",170,"2024-12-11",48,8160
"Tundra Eau de Parfum","100ml","10",150,"2024-12-11",49,7350
"Set LeBorêt No. 1","3 x 100ml","1",660,"2024-12-11",44,29040
"Manhattan Eau de Parfum","100ml","2002",150,"2024-12-12",30,4500
"Set Descubriendo LeBorêt","3 x 5ml","2",30,"2024-12-12",34,1020
"Sahara Eau de Parfum","100ml","1035",170,"2024-12-12",34,5780
"Tundra Eau de Parfum","100ml","10",150,"2024-12-12",35,5250
"Set LeBorêt No. 1","3 x 100ml","1",660,"2024-12-12",30,19800
"Manhattan Eau de Parfum","100ml","2002",150,"2024-12-13",33,4950
"Set Descubriendo LeBorêt","3 x 5ml","2",30,"2024-12-13",33,990
"Sahara Eau de Parfum","100ml","1035",170,"2024-12-13",39,6630
"Tundra Eau de Parfum","100ml","10",150,"2024-12-13",40,6000
"Set LeBorêt No. 1","3 x 100ml","1",660,"2024-12-13",33,21780
"Manhattan Eau de Parfum","100ml","2002",150,"2024-12-14",22,3300
"Set Descubriendo LeBorêt","3 x 5ml","2",30,"2024-12-14",30,900
"Sahara Eau de Parfum","100ml","1035",170,"2024-12-14",29,4930
"Tundra Eau de Parfum","100ml","10",150,"2024-12-14",30,4500
"Set LeBorêt No. 1","3 x 100ml","1",660,"2024-12-14",22,14520
"Set Descubriendo LeBorêt","3 x 5ml","2",30,"2024-12-15",29,870
"Sahara Eau de Parfum","100ml","1035",170,"2024-12-15",23,3910
"Manhattan Eau de Parfum","100ml","2002",150,"2024-12-15",15,2250
"Tundra Eau de Parfum","100ml","10",150,"2024-12-15",24,3600
"Set LeBorêt No. 1","3 x 100ml","1",660,"2024-12-15",15,9900
"Set Descubriendo LeBorêt","3 x 5ml","2",30,"2024-12-16",29,870
"Sahara Eau de Parfum","100ml","1035",170,"2024-12-16",13,2210
"Manhattan Eau de Parfum","100ml","2002",150,"2024-12-16",4,600
"Tundra Eau de Parfum","100ml","10",150,"2024-12-16",14,2100
"Set LeBorêt No. 1","3 x 100ml","1",660,"2024-12-16",4,2640
"Set Descubriendo LeBorêt","3 x 5ml","2",30,"2024-12-17",29,870
"Sahara Eau de Parfum","100ml","1035",170,"2024-12-17",54,9180
"Manhattan Eau de Parfum","100ml","2002",150,"2024-12-17",43,6450
"Tundra Eau de Parfum","100ml","10",150,"2024-12-17",55,8250
"Set LeBorêt No. 1","3 x 100ml","1",660,"2024-12-17",43,28380
"Set Descubriendo LeBorêt","3 x 5ml","2",30,"2024-12-18",29,870
"Sahara Eau de Parfum","100ml","1035",170,"2024-12-18",50,8500
"Manhattan Eau de Parfum","100ml","2002",150,"2024-12-18",39,5850
"Tundra Eau de Parfum","100ml","10",150,"2024-12-18",51,7650
"Set LeBorêt No. 1","3 x 100ml","1",660,"2024-12-18",39,25740
"Sahara Eau de Parfum","100ml","1035",170,"2024-12-19",46,7820
"Set Descubriendo LeBorêt","3 x 5ml","2",30,"2024-12-19",29,870
"Manhattan Eau de Parfum","100ml","2002",150,"2024-12-19",35,5250
"Set LeBorêt No. 1","3 x 100ml","1",660,"2024-12-19",35,23100
"Tundra Eau de Parfum","100ml","10",150,"2024-12-19",47,7050
"Sahara Eau de Parfum","100ml","1035",170,"2024-12-20",40,6800
"Set Descubriendo LeBorêt","3 x 5ml","2",30,"2024-12-20",29,870
"Manhattan Eau de Parfum","100ml","2002",150,"2024-12-20",28,4200
"Set LeBorêt No. 1","3 x 100ml","1",660,"2024-12-20",28,18480
"Tundra Eau de Parfum","100ml","10",150,"2024-12-20",41,6150
"Sahara Eau de Parfum","100ml","1035",170,"2024-12-21",46,7820
"Set Descubriendo LeBorêt","3 x 5ml","2",30,"2024-12-21",30,900
"Manhattan Eau de Parfum","100ml","2002",150,"2024-12-21",37,5550
"Set LeBorêt No. 1","3 x 100ml","1",660,"2024-12-21",37,24420
"Tundra Eau de Parfum","100ml","10",150,"2024-12-21",47,7050
"Sahara Eau de Parfum","100ml","1035",170,"2024-12-22",39,6630
"Set Descubriendo LeBorêt","3 x 5ml","2",30,"2024-12-22",29,870
"Manhattan Eau de Parfum","100ml","2002",150,"2024-12-22",29,4350
"Set LeBorêt No. 1","3 x 100ml","1",660,"2024-12-22",29,19140
"Tundra Eau de Parfum","100ml","10",150,"2024-12-22",39,5850
"Manhattan Eau de Parfum","100ml","2002",150,"2024-12-23",26,3900
"Set Descubriendo LeBorêt","3 x 5ml","2",30,"2024-12-23",28,840
"Sahara Eau de Parfum","100ml","1035",170,"2024-12-23",36,6120
"Tundra Eau de Parfum","100ml","10",150,"2024-12-23",36,5400
"Set LeBorêt No. 1","3 x 100ml","1",660,"2024-12-23",26,17160
"Manhattan Eau de Parfum","100ml","2002",150,"2024-12-24",24,3600
"Set Descubriendo LeBorêt","3 x 5ml","2",30,"2024-12-24",28,840
"Sahara Eau de Parfum","100ml","1035",170,"2024-12-24",35,5950
"Tundra Eau de Parfum","100ml","10",150,"2024-12-24",35,5250
"Set LeBorêt No. 1","3 x 100ml","1",660,"2024-12-24",24,15840
"Manhattan Eau de Parfum","100ml","2002",150,"2024-12-25",21,3150
"Set Descubriendo LeBorêt","3 x 5ml","2",30,"2024-12-25",27,810
"Sahara Eau de Parfum","100ml","1035",170,"2024-12-25",33,5610
"Tundra Eau de Parfum","100ml","10",150,"2024-12-25",33,4950
"Set LeBorêt No. 1","3 x 100ml","1",660,"2024-12-25",21,13860
"Manhattan Eau de Parfum","100ml","2002",150,"2024-12-26",0,0
"Set Descubriendo LeBorêt","3 x 5ml","2",30,"2024-12-26",10,300
"Sahara Eau de Parfum","100ml","1035",170,"2024-12-26",1,170
"Tundra Eau de Parfum","100ml","10",150,"2024-12-26",1,150
"Set LeBorêt No. 1","3 x 100ml","1",660,"2024-12-26",2,1320
"Manhattan Eau de Parfum","100ml","2002",150,"2024-12-27",0,0
"Sahara Eau de Parfum","100ml","1035",170,"2024-12-27",0,0
"Set Descubriendo LeBorêt","3 x 5ml","2",30,"2024-12-27",10,300
"Set LeBorêt No. 1","3 x 100ml","1",660,"2024-12-27",-1,0
"Tundra Eau de Parfum","100ml","10",150,"2024-12-27",0,0
"Manhattan Eau de Parfum","100ml","2002",150,"2024-12-28",0,0
"Sahara Eau de Parfum","100ml","1035",170,"2024-12-28",0,0
"Set Descubriendo LeBorêt","3 x 5ml","2",30,"2024-12-28",10,300
"Set LeBorêt No. 1","3 x 100ml","1",660,"2024-12-28",-1,0
"Tundra Eau de Parfum","100ml","10",150,"2024-12-28",0,0
"Manhattan Eau de Parfum","100ml","2002",150,"2024-12-29",0,0
"Sahara Eau de Parfum","100ml","1035",170,"2024-12-29",0,0
"Set Descubriendo LeBorêt","3 x 5ml","2",30,"2024-12-29",10,300
"Set LeBorêt No. 1","3 x 100ml","1",660,"2024-12-29",-1,0
"Tundra Eau de Parfum","100ml","10",150,"2024-12-29",0,0
"Manhattan Eau de Parfum","100ml","2002",150,"2024-12-30",0,0
"Sahara Eau de Parfum","100ml","1035",170,"2024-12-30",0,0
"Set Descubriendo LeBorêt","3 x 5ml","2",30,"2024-12-30",10,300
"Set LeBorêt No. 1","3 x 100ml","1",660,"2024-12-30",-1,0
"Tundra Eau de Parfum","100ml","10",150,"2024-12-30",0,0
"Sahara Eau de Parfum","100ml","1035",170,"2024-12-31",-1,0
"Set Descubriendo LeBorêt","3 x 5ml","2",30,"2024-12-31",10,300
"Manhattan Eau de Parfum","100ml","2002",150,"2024-12-31",0,0
"Set LeBorêt No. 1","3 x 100ml","1",660,"2024-12-31",-1,0
"Tundra Eau de Parfum","100ml","10",150,"2024-12-31",-1,0
"Sahara Eau de Parfum","100ml","1035",170,"2025-01-01",7,1190
"Set Descubriendo LeBorêt","3 x 5ml","2",30,"2025-01-01",10,300
"Manhattan Eau de Parfum","100ml","2002",150,"2025-01-01",0,0
"Set LeBorêt No. 1","3 x 100ml","1",660,"2025-01-01",-1,0
"Tundra Eau de Parfum","100ml","10",150,"2025-01-01",7,1050
"Sahara Eau de Parfum","100ml","1035",170,"2025-01-02",8,1360
"Set Descubriendo LeBorêt","3 x 5ml","2",30,"2025-01-02",10,300
"Manhattan Eau de Parfum","100ml","2002",150,"2025-01-02",0,0
"Set LeBorêt No. 1","3 x 100ml","1",660,"2025-01-02",-1,0
"Tundra Eau de Parfum","100ml","10",150,"2025-01-02",7,1050
"Sahara Eau de Parfum","100ml","1035",170,"2025-01-03",8,1360
"Set Descubriendo LeBorêt","3 x 5ml","2",30,"2025-01-03",0,0
"Manhattan Eau de Parfum","100ml","2002",150,"2025-01-03",0,0
"Set LeBorêt No. 1","3 x 100ml","1",660,"2025-01-03",-1,0
"Tundra Eau de Parfum","100ml","10",150,"2025-01-03",6,900
"Set Descubriendo LeBorêt","3 x 5ml","2",30,"2025-01-04",0,0
"Sahara Eau de Parfum","100ml","1035",170,"2025-01-04",8,1360
"Manhattan Eau de Parfum","100ml","2002",150,"2025-01-04",0,0
"Tundra Eau de Parfum","100ml","10",150,"2025-01-04",6,900
"Set LeBorêt No. 1","3 x 100ml","1",660,"2025-01-04",-1,0
"Set Descubriendo LeBorêt","3 x 5ml","2",30,"2025-01-05",0,0
"Sahara Eau de Parfum","100ml","1035",170,"2025-01-05",8,1360
"Manhattan Eau de Parfum","100ml","2002",150,"2025-01-05",0,0
"Tundra Eau de Parfum","100ml","10",150,"2025-01-05",6,900
"Set LeBorêt No. 1","3 x 100ml","1",660,"2025-01-05",-1,0
"Set Descubriendo LeBorêt","3 x 5ml","2",30,"2025-01-06",0,0
"Sahara Eau de Parfum","100ml","1035",170,"2025-01-06",8,1360
"Manhattan Eau de Parfum","100ml","2002",150,"2025-01-06",0,0
"Tundra Eau de Parfum","100ml","10",150,"2025-01-06",6,900
"Set LeBorêt No. 1","3 x 100ml","1",660,"2025-01-06",-1,0
"Set Descubriendo LeBorêt","3 x 5ml","2",30,"2025-01-07",0,0
"Sahara Eau de Parfum","100ml","1035",170,"2025-01-07",8,1360
"Manhattan Eau de Parfum","100ml","2002",150,"2025-01-07",0,0
"Tundra Eau de Parfum","100ml","10",150,"2025-01-07",6,900
"Set LeBorêt No. 1","3 x 100ml","1",660,"2025-01-07",-1,0
"Tundra Eau de Parfum","100ml","10",150,"2025-01-08",6,900
"Set LeBorêt No. 1","3 x 100ml","1",660,"2025-01-08",-1,0
"Set Descubriendo LeBorêt","3 x 5ml","2",30,"2025-01-08",-1,0
"Sahara Eau de Parfum","100ml","1035",170,"2025-01-08",8,1360
"Manhattan Eau de Parfum","100ml","2002",150,"2025-01-08",0,0
"Tundra Eau de Parfum","100ml","10",150,"2025-01-09",6,900
"Set LeBorêt No. 1","3 x 100ml","1",660,"2025-01-09",-1,0
"Set Descubriendo LeBorêt","3 x 5ml","2",30,"2025-01-09",-2,0
"Sahara Eau de Parfum","100ml","1035",170,"2025-01-09",8,1360
"Manhattan Eau de Parfum","100ml","2002",150,"2025-01-09",0,0
"Tundra Eau de Parfum","100ml","10",150,"2025-01-10",6,900
"Set LeBorêt No. 1","3 x 100ml","1",660,"2025-01-10",-1,0
"Set Descubriendo LeBorêt","3 x 5ml","2",30,"2025-01-10",-2,0
"Sahara Eau de Parfum","100ml","1035",170,"2025-01-10",8,1360
"Manhattan Eau de Parfum","100ml","2002",150,"2025-01-10",0,0
"Tundra Eau de Parfum","100ml","10",150,"2025-01-11",6,900
"Set LeBorêt No. 1","3 x 100ml","1",660,"2025-01-11",-1,0
"Set Descubriendo LeBorêt","3 x 5ml","2",30,"2025-01-11",-3,0
"Sahara Eau de Parfum","100ml","1035",170,"2025-01-11",8,1360
"Manhattan Eau de Parfum","100ml","2002",150,"2025-01-11",0,0
"Set LeBorêt No. 1","3 x 100ml","1",660,"2025-01-12",-1,0
"Tundra Eau de Parfum","100ml","10",150,"2025-01-12",6,900
"Sahara Eau de Parfum","100ml","1035",170,"2025-01-12",8,1360
"Set Descubriendo LeBorêt","3 x 5ml","2",30,"2025-01-12",-3,0
"Manhattan Eau de Parfum","100ml","2002",150,"2025-01-12",0,0
"Set LeBorêt No. 1","3 x 100ml","1",660,"2025-01-13",-1,0
"Tundra Eau de Parfum","100ml","10",150,"2025-01-13",6,900
"Sahara Eau de Parfum","100ml","1035",170,"2025-01-13",8,1360
"Set Descubriendo LeBorêt","3 x 5ml","2",30,"2025-01-13",-3,0
"Manhattan Eau de Parfum","100ml","2002",150,"2025-01-13",0,0
"Set LeBorêt No. 1","3 x 100ml","1",660,"2025-01-14",-1,0
"Tundra Eau de Parfum","100ml","10",150,"2025-01-14",6,900
"Sahara Eau de Parfum","100ml","1035",170,"2025-01-14",8,1360
"Set Descubriendo LeBorêt","3 x 5ml","2",30,"2025-01-14",-3,0
"Manhattan Eau de Parfum","100ml","2002",150,"2025-01-14",0,0
"Set LeBorêt No. 1","3 x 100ml","1",660,"2025-01-15",-1,0
"Tundra Eau de Parfum","100ml","10",150,"2025-01-15",6,900
"Sahara Eau de Parfum","100ml","1035",170,"2025-01-15",8,1360
"Set Descubriendo LeBorêt","3 x 5ml","2",30,"2025-01-15",-3,0
"Manhattan Eau de Parfum","100ml","2002",150,"2025-01-15",0,0
"Set LeBorêt No. 1","3 x 100ml","1",660,"2025-01-16",-1,0
"Tundra Eau de Parfum","100ml","10",150,"2025-01-16",6,900
"Manhattan Eau de Parfum","100ml","2002",150,"2025-01-16",0,0
"Sahara Eau de Parfum","100ml","1035",170,"2025-01-16",8,1360
"Set Descubriendo LeBorêt","3 x 5ml","2",30,"2025-01-16",-3,0
"Set LeBorêt No. 1","3 x 100ml","1",660,"2025-01-17",-1,0
"Tundra Eau de Parfum","100ml","10",150,"2025-01-17",6,900
"Manhattan Eau de Parfum","100ml","2002",150,"2025-01-17",0,0
"Sahara Eau de Parfum","100ml","1035",170,"2025-01-17",8,1360
"Set Descubriendo LeBorêt","3 x 5ml","2",30,"2025-01-17",-3,0
"Set LeBorêt No. 1","3 x 100ml","1",660,"2025-01-18",-1,0
"Tundra Eau de Parfum","100ml","10",150,"2025-01-18",6,900
"Manhattan Eau de Parfum","100ml","2002",150,"2025-01-18",0,0
"Sahara Eau de Parfum","100ml","1035",170,"2025-01-18",8,1360
"Set Descubriendo LeBorêt","3 x 5ml","2",30,"2025-01-18",-3,0
"Set LeBorêt No. 1","3 x 100ml","1",660,"2025-01-19",-1,0
"Tundra Eau de Parfum","100ml","10",150,"2025-01-19",6,900
"Manhattan Eau de Parfum","100ml","2002",150,"2025-01-19",0,0
"Sahara Eau de Parfum","100ml","1035",170,"2025-01-19",8,1360
"Set Descubriendo LeBorêt","3 x 5ml","2",30,"2025-01-19",-3,0
"Tundra Eau de Parfum","100ml","10",150,"2025-01-20",6,900
"Set LeBorêt No. 1","3 x 100ml","1",660,"2025-01-20",-1,0
"Manhattan Eau de Parfum","100ml","2002",150,"2025-01-20",0,0
"Set Descubriendo LeBorêt","3 x 5ml","2",30,"2025-01-20",-3,0
"Sahara Eau de Parfum","100ml","1035",170,"2025-01-20",8,1360
"Tundra Eau de Parfum","100ml","10",150,"2025-01-21",6,900
"Set LeBorêt No. 1","3 x 100ml","1",660,"2025-01-21",-1,0
"Manhattan Eau de Parfum","100ml","2002",150,"2025-01-21",0,0
"Set Descubriendo LeBorêt","3 x 5ml","2",30,"2025-01-21",-4,0
"Sahara Eau de Parfum","100ml","1035",170,"2025-01-21",8,1360
"Tundra Eau de Parfum","100ml","10",150,"2025-01-22",6,900
"Set LeBorêt No. 1","3 x 100ml","1",660,"2025-01-22",-1,0
"Manhattan Eau de Parfum","100ml","2002",150,"2025-01-22",0,0
"Set Descubriendo LeBorêt","3 x 5ml","2",30,"2025-01-22",-4,0
"Sahara Eau de Parfum","100ml","1035",170,"2025-01-22",8,1360
"Tundra Eau de Parfum","100ml","10",150,"2025-01-23",6,900
"Set LeBorêt No. 1","3 x 100ml","1",660,"2025-01-23",-1,0
"Manhattan Eau de Parfum","100ml","2002",150,"2025-01-23",0,0
"Set Descubriendo LeBorêt","3 x 5ml","2",30,"2025-01-23",-4,0
"Sahara Eau de Parfum","100ml","1035",170,"2025-01-23",8,1360
"Set LeBorêt No. 1","3 x 100ml","1",660,"2025-01-24",-1,0
"Tundra Eau de Parfum","100ml","10",150,"2025-01-24",6,900
"Sahara Eau de Parfum","100ml","1035",170,"2025-01-24",8,1360
"Set Descubriendo LeBorêt","3 x 5ml","2",30,"2025-01-24",-4,0
"Manhattan Eau de Parfum","100ml","2002",150,"2025-01-24",0,0
"Set LeBorêt No. 1","3 x 100ml","1",660,"2025-01-25",-1,0
"Tundra Eau de Parfum","100ml","10",150,"2025-01-25",5,750
"Sahara Eau de Parfum","100ml","1035",170,"2025-01-25",8,1360
"Set Descubriendo LeBorêt","3 x 5ml","2",30,"2025-01-25",-4,0
"Manhattan Eau de Parfum","100ml","2002",150,"2025-01-25",0,0
"Set LeBorêt No. 1","3 x 100ml","1",660,"2025-01-26",-1,0
"Tundra Eau de Parfum","100ml","10",150,"2025-01-26",5,750
"Sahara Eau de Parfum","100ml","1035",170,"2025-01-26",8,1360
"Set Descubriendo LeBorêt","3 x 5ml","2",30,"2025-01-26",-4,0
"Manhattan Eau de Parfum","100ml","2002",150,"2025-01-26",0,0
"Set LeBorêt No. 1","3 x 100ml","1",660,"2025-01-27",-1,0
"Tundra Eau de Parfum","100ml","10",150,"2025-01-27",5,750
"Sahara Eau de Parfum","100ml","1035",170,"2025-01-27",8,1360
"Set Descubriendo LeBorêt","3 x 5ml","2",30,"2025-01-27",-4,0
"Manhattan Eau de Parfum","100ml","2002",150,"2025-01-27",0,0
"Tundra Eau de Parfum","100ml","10",150,"2025-01-28",5,750
"Set LeBorêt No. 1","3 x 100ml","1",660,"2025-01-28",-1,0
"Set Descubriendo LeBorêt","3 x 5ml","2",30,"2025-01-28",-4,0
"Sahara Eau de Parfum","100ml","1035",170,"2025-01-28",8,1360
"Manhattan Eau de Parfum","100ml","2002",150,"2025-01-28",0,0
"Tundra Eau de Parfum","100ml","10",150,"2025-01-29",5,750
"Set LeBorêt No. 1","3 x 100ml","1",660,"2025-01-29",-1,0
"Set Descubriendo LeBorêt","3 x 5ml","2",30,"2025-01-29",-4,0
"Sahara Eau de Parfum","100ml","1035",170,"2025-01-29",8,1360
"Manhattan Eau de Parfum","100ml","2002",150,"2025-01-29",0,0
"Tundra Eau de Parfum","100ml","10",150,"2025-01-30",5,750
"Set LeBorêt No. 1","3 x 100ml","1",660,"2025-01-30",-1,0
"Set Descubriendo LeBorêt","3 x 5ml","2",30,"2025-01-30",-4,0
"Sahara Eau de Parfum","100ml","1035",170,"2025-01-30",8,1360
"Manhattan Eau de Parfum","100ml","2002",150,"2025-01-30",0,0
"Tundra Eau de Parfum","100ml","10",150,"2025-01-31",5,750
"Set LeBorêt No. 1","3 x 100ml","1",660,"2025-01-31",-1,0
"Set Descubriendo LeBorêt","3 x 5ml","2",30,"2025-01-31",-4,0
"Sahara Eau de Parfum","100ml","1035",170,"2025-01-31",8,1360
"Manhattan Eau de Parfum","100ml","2002",150,"2025-01-31",0,0
"Tundra Eau de Parfum","100ml","10",150,"2025-02-01",5,750
"Set LeBorêt No. 1","3 x 100ml","1",660,"2025-02-01",-1,0
"Manhattan Eau de Parfum","100ml","2002",150,"2025-02-01",0,0
"Set Descubriendo LeBorêt","3 x 5ml","2",30,"2025-02-01",-4,0
"Sahara Eau de Parfum","100ml","1035",170,"2025-02-01",8,1360
"Tundra Eau de Parfum","100ml","10",150,"2025-02-02",5,750
"Set LeBorêt No. 1","3 x 100ml","1",660,"2025-02-02",-1,0
"Manhattan Eau de Parfum","100ml","2002",150,"2025-02-02",0,0
"Set Descubriendo LeBorêt","3 x 5ml","2",30,"2025-02-02",-5,0
"Sahara Eau de Parfum","100ml","1035",170,"2025-02-02",8,1360
"Tundra Eau de Parfum","100ml","10",150,"2025-02-03",5,750
"Set LeBorêt No. 1","3 x 100ml","1",660,"2025-02-03",-1,0
"Manhattan Eau de Parfum","100ml","2002",150,"2025-02-03",0,0
"Set Descubriendo LeBorêt","3 x 5ml","2",30,"2025-02-03",-5,0
"Sahara Eau de Parfum","100ml","1035",170,"2025-02-03",8,1360
"Tundra Eau de Parfum","100ml","10",150,"2025-02-04",5,750
"Set LeBorêt No. 1","3 x 100ml","1",660,"2025-02-04",-1,0
"Manhattan Eau de Parfum","100ml","2002",150,"2025-02-04",0,0
"Set Descubriendo LeBorêt","3 x 5ml","2",30,"2025-02-04",-5,0
"Sahara Eau de Parfum","100ml","1035",170,"2025-02-04",8,1360
"Set LeBorêt No. 1","3 x 100ml","1",660,"2025-02-05",-1,0
"Tundra Eau de Parfum","100ml","10",150,"2025-02-05",4,600
"Manhattan Eau de Parfum","100ml","2002",150,"2025-02-05",0,0
"Sahara Eau de Parfum","100ml","1035",170,"2025-02-05",8,1360
"Set Descubriendo LeBorêt","3 x 5ml","2",30,"2025-02-05",-5,0
"Set LeBorêt No. 1","3 x 100ml","1",660,"2025-02-06",-1,0
"Tundra Eau de Parfum","100ml","10",150,"2025-02-06",4,600
"Manhattan Eau de Parfum","100ml","2002",150,"2025-02-06",0,0
"Sahara Eau de Parfum","100ml","1035",170,"2025-02-06",8,1360
"Set Descubriendo LeBorêt","3 x 5ml","2",30,"2025-02-06",-6,0
"Set LeBorêt No. 1","3 x 100ml","1",660,"2025-02-07",-1,0
"Tundra Eau de Parfum","100ml","10",150,"2025-02-07",4,600
"Manhattan Eau de Parfum","100ml","2002",150,"2025-02-07",0,0
"Sahara Eau de Parfum","100ml","1035",170,"2025-02-07",8,1360
"Set Descubriendo LeBorêt","3 x 5ml","2",30,"2025-02-07",-6,0
"Set LeBorêt No. 1","3 x 100ml","1",660,"2025-02-08",-1,0
"Tundra Eau de Parfum","100ml","10",150,"2025-02-08",4,600
"Manhattan Eau de Parfum","100ml","2002",150,"2025-02-08",0,0
"Sahara Eau de Parfum","100ml","1035",170,"2025-02-08",8,1360
"Set Descubriendo LeBorêt","3 x 5ml","2",30,"2025-02-08",-6,0
"Set LeBorêt No. 1","3 x 100ml","1",660,"2025-02-09",-1,0
"Tundra Eau de Parfum","100ml","10",150,"2025-02-09",4,600
"Manhattan Eau de Parfum","100ml","2002",150,"2025-02-09",0,0
"Sahara Eau de Parfum","100ml","1035",170,"2025-02-09",8,1360
"Set Descubriendo LeBorêt","3 x 5ml","2",30,"2025-02-09",-6,0
"Set LeBorêt No. 1","3 x 100ml","1",660,"2025-02-10",-1,0
"Tundra Eau de Parfum","100ml","10",150,"2025-02-10",3,450
"Manhattan Eau de Parfum","100ml","2002",150,"2025-02-10",0,0
"Sahara Eau de Parfum","100ml","1035",170,"2025-02-10",8,1360
"Set Descubriendo LeBorêt","3 x 5ml","2",30,"2025-02-10",-8,0
"Set LeBorêt No. 1","3 x 100ml","1",660,"2025-02-11",-1,0
"Tundra Eau de Parfum","100ml","10",150,"2025-02-11",3,450
"Manhattan Eau de Parfum","100ml","2002",150,"2025-02-11",0,0
"Sahara Eau de Parfum","100ml","1035",170,"2025-02-11",8,1360
"Set Descubriendo LeBorêt","3 x 5ml","2",30,"2025-02-11",-8,0
"Set LeBorêt No. 1","3 x 100ml","1",660,"2025-02-12",-1,0
"Tundra Eau de Parfum","100ml","10",150,"2025-02-12",3,450
"Manhattan Eau de Parfum","100ml","2002",150,"2025-02-12",0,0
"Sahara Eau de Parfum","100ml","1035",170,"2025-02-12",8,1360
"Set Descubriendo LeBorêt","3 x 5ml","2",30,"2025-02-12",-9,0
"Tundra Eau de Parfum","100ml","10",150,"2025-02-13",3,450
"Set LeBorêt No. 1","3 x 100ml","1",660,"2025-02-13",-1,0
"Manhattan Eau de Parfum","100ml","2002",150,"2025-02-13",0,0
"Set Descubriendo LeBorêt","3 x 5ml","2",30,"2025-02-13",-8,0
"Sahara Eau de Parfum","100ml","1035",170,"2025-02-13",8,1360
"Tundra Eau de Parfum","100ml","10",150,"2025-02-14",3,450
"Set LeBorêt No. 1","3 x 100ml","1",660,"2025-02-14",-1,0
"Manhattan Eau de Parfum","100ml","2002",150,"2025-02-14",0,0
"Set Descubriendo LeBorêt","3 x 5ml","2",30,"2025-02-14",-9,0
"Sahara Eau de Parfum","100ml","1035",170,"2025-02-14",7,1190
"Tundra Eau de Parfum","100ml","10",150,"2025-02-15",3,450
"Set LeBorêt No. 1","3 x 100ml","1",660,"2025-02-15",-1,0
"Manhattan Eau de Parfum","100ml","2002",150,"2025-02-15",0,0
"Set Descubriendo LeBorêt","3 x 5ml","2",30,"2025-02-15",-9,0
"Sahara Eau de Parfum","100ml","1035",170,"2025-02-15",7,1190
"Tundra Eau de Parfum","100ml","10",150,"2025-02-16",3,450
"Set LeBorêt No. 1","3 x 100ml","1",660,"2025-02-16",-1,0
"Manhattan Eau de Parfum","100ml","2002",150,"2025-02-16",0,0
"Set Descubriendo LeBorêt","3 x 5ml","2",30,"2025-02-16",-9,0
"Sahara Eau de Parfum","100ml","1035",170,"2025-02-16",7,1190
"Tundra Eau de Parfum","100ml","10",150,"2025-02-17",3,450
"Set LeBorêt No. 1","3 x 100ml","1",660,"2025-02-17",-1,0
"Set Descubriendo LeBorêt","3 x 5ml","2",30,"2025-02-17",-9,0
"Sahara Eau de Parfum","100ml","1035",170,"2025-02-17",7,1190
"Manhattan Eau de Parfum","100ml","2002",150,"2025-02-17",0,0
"Tundra Eau de Parfum","100ml","10",150,"2025-02-18",3,450
"Set LeBorêt No. 1","3 x 100ml","1",660,"2025-02-18",-1,0
"Set Descubriendo LeBorêt","3 x 5ml","2",30,"2025-02-18",-9,0
"Sahara Eau de Parfum","100ml","1035",170,"2025-02-18",7,1190
"Manhattan Eau de Parfum","100ml","2002",150,"2025-02-18",0,0
"Tundra Eau de Parfum","100ml","10",150,"2025-02-19",3,450
"Set LeBorêt No. 1","3 x 100ml","1",660,"2025-02-19",-1,0
"Set Descubriendo LeBorêt","3 x 5ml","2",30,"2025-02-19",-9,0
"Sahara Eau de Parfum","100ml","1035",170,"2025-02-19",7,1190
"Manhattan Eau de Parfum","100ml","2002",150,"2025-02-19",0,0
"Tundra Eau de Parfum","100ml","10",150,"2025-02-20",3,450
"Set LeBorêt No. 1","3 x 100ml","1",660,"2025-02-20",-1,0
"Set Descubriendo LeBorêt","3 x 5ml","2",30,"2025-02-20",-9,0
"Sahara Eau de Parfum","100ml","1035",170,"2025-02-20",7,1190
"Manhattan Eau de Parfum","100ml","2002",150,"2025-02-20",0,0
"Set LeBorêt No. 1","3 x 100ml","1",660,"2025-02-21",-1,0
"Tundra Eau de Parfum","100ml","10",150,"2025-02-21",3,450
"Sahara Eau de Parfum","100ml","1035",170,"2025-02-21",7,1190
"Set Descubriendo LeBorêt","3 x 5ml","2",30,"2025-02-21",-9,0
"Manhattan Eau de Parfum","100ml","2002",150,"2025-02-21",0,0
"Set LeBorêt No. 1","3 x 100ml","1",660,"2025-02-22",-1,0
"Tundra Eau de Parfum","100ml","10",150,"2025-02-22",2,300
"Sahara Eau de Parfum","100ml","1035",170,"2025-02-22",6,1020
"Set Descubriendo LeBorêt","3 x 5ml","2",30,"2025-02-22",-9,0
"Manhattan Eau de Parfum","100ml","2002",150,"2025-02-22",0,0
"Set LeBorêt No. 1","3 x 100ml","1",660,"2025-02-23",-1,0
"Tundra Eau de Parfum","100ml","10",150,"2025-02-23",2,300
"Sahara Eau de Parfum","100ml","1035",170,"2025-02-23",5,850
"Set Descubriendo LeBorêt","3 x 5ml","2",30,"2025-02-23",-9,0
"Manhattan Eau de Parfum","100ml","2002",150,"2025-02-23",0,0
"Set LeBorêt No. 1","3 x 100ml","1",660,"2025-02-24",-1,0
"Tundra Eau de Parfum","100ml","10",150,"2025-02-24",2,300
"Sahara Eau de Parfum","100ml","1035",170,"2025-02-24",5,850
"Set Descubriendo LeBorêt","3 x 5ml","2",30,"2025-02-24",-9,0
"Manhattan Eau de Parfum","100ml","2002",150,"2025-02-24",0,0
"Tundra Eau de Parfum","100ml","10",150,"2025-02-25",2,300
"Set LeBorêt No. 1","3 x 100ml","1",660,"2025-02-25",-1,0
"Manhattan Eau de Parfum","100ml","2002",150,"2025-02-25",0,0
"Set Descubriendo LeBorêt","3 x 5ml","2",30,"2025-02-25",-10,0
"Sahara Eau de Parfum","100ml","1035",170,"2025-02-25",5,850
"Tundra Eau de Parfum","100ml","10",150,"2025-02-26",2,300
"Set LeBorêt No. 1","3 x 100ml","1",660,"2025-02-26",-1,0
"Manhattan Eau de Parfum","100ml","2002",150,"2025-02-26",0,0
"Set Descubriendo LeBorêt","3 x 5ml","2",30,"2025-02-26",-10,0
"Sahara Eau de Parfum","100ml","1035",170,"2025-02-26",5,850
"Tundra Eau de Parfum","100ml","10",150,"2025-02-27",2,300
"Set LeBorêt No. 1","3 x 100ml","1",660,"2025-02-27",-1,0
"Manhattan Eau de Parfum","100ml","2002",150,"2025-02-27",0,0
"Set Descubriendo LeBorêt","3 x 5ml","2",30,"2025-02-27",-10,0
"Sahara Eau de Parfum","100ml","1035",170,"2025-02-27",5,850
"Tundra Eau de Parfum","100ml","10",150,"2025-02-28",2,300
"Set LeBorêt No. 1","3 x 100ml","1",660,"2025-02-28",-1,0
"Manhattan Eau de Parfum","100ml","2002",150,"2025-02-28",0,0
"Set Descubriendo LeBorêt","3 x 5ml","2",30,"2025-02-28",-10,0
"Sahara Eau de Parfum","100ml","1035",170,"2025-02-28",5,850
"Set LeBorêt No. 1","3 x 100ml","1",660,"2025-03-01",-1,0
"prueba1","Default Title",,,"2025-03-01",0,0
"Tundra Eau de Parfum","100ml","10",150,"2025-03-01",2,300
"Manhattan Eau de Parfum","100ml","2002",150,"2025-03-01",0,0
"Sahara Eau de Parfum","100ml","1035",170,"2025-03-01",5,850
"Set Descubriendo LeBorêt","3 x 5ml","2",30,"2025-03-01",-10,0
"Set LeBorêt No. 1","3 x 100ml","1",660,"2025-03-02",-1,0
"prueba1","Default Title",,,"2025-03-02",0,0
"Tundra Eau de Parfum","100ml","10",150,"2025-03-02",2,300
"Manhattan Eau de Parfum","100ml","2002",150,"2025-03-02",0,0
"Sahara Eau de Parfum","100ml","1035",170,"2025-03-02",5,850
"Set Descubriendo LeBorêt","3 x 5ml","2",30,"2025-03-02",-10,0
"prueba1","Default Title",,,"2025-03-03",0,0
"Set LeBorêt No. 1","3 x 100ml","1",660,"2025-03-03",-1,0
"Tundra Eau de Parfum","100ml","10",150,"2025-03-03",1,150
"Manhattan Eau de Parfum","100ml","2002",150,"2025-03-03",0,0
"Sahara Eau de Parfum","100ml","1035",170,"2025-03-03",5,850
"Set Descubriendo LeBorêt","3 x 5ml","2",30,"2025-03-03",-10,0
"prueba1","Default Title",,,"2025-03-04",0,0
"Set LeBorêt No. 1","3 x 100ml","1",660,"2025-03-04",-1,0
"Tundra Eau de Parfum","100ml","10",150,"2025-03-04",1,150
"Manhattan Eau de Parfum","100ml","2002",150,"2025-03-04",0,0
"Sahara Eau de Parfum","100ml","1035",170,"2025-03-04",5,850
"Set Descubriendo LeBorêt","3 x 5ml","2",30,"2025-03-04",-10,0
"Set LeBorêt No. 1","3 x 100ml","1",660,"2025-03-05",-1,0
"prueba1","Default Title",,,"2025-03-05",0,0
"Tundra Eau de Parfum","100ml","10",150,"2025-03-05",1,150
"Sahara Eau de Parfum","100ml","1035",170,"2025-03-05",5,850
"Set Descubriendo LeBorêt","3 x 5ml","2",30,"2025-03-05",-10,0
"Manhattan Eau de Parfum","100ml","2002",150,"2025-03-05",0,0
"Set LeBorêt No. 1","3 x 100ml","1",660,"2025-03-06",-1,0
"prueba1","Default Title",,,"2025-03-06",0,0
"Tundra Eau de Parfum","100ml","10",150,"2025-03-06",1,150
"Sahara Eau de Parfum","100ml","1035",170,"2025-03-06",5,850
"Set Descubriendo LeBorêt","3 x 5ml","2",30,"2025-03-06",-10,0
"Manhattan Eau de Parfum","100ml","2002",150,"2025-03-06",0,0
"prueba1","Default Title",,,"2025-03-07",0,0
"Set LeBorêt No. 1","3 x 100ml","1",660,"2025-03-07",-1,0
"Tundra Eau de Parfum","100ml","10",150,"2025-03-07",1,150
"Sahara Eau de Parfum","100ml","1035",170,"2025-03-07",5,850
"Set Descubriendo LeBorêt","3 x 5ml","2",30,"2025-03-07",-10,0
"Manhattan Eau de Parfum","100ml","2002",150,"2025-03-07",0,0
"prueba1","Default Title",,,"2025-03-08",0,0
"Set LeBorêt No. 1","3 x 100ml","1",660,"2025-03-08",-1,0
"Tundra Eau de Parfum","100ml","10",150,"2025-03-08",1,150
"Sahara Eau de Parfum","100ml","1035",170,"2025-03-08",5,850
"Set Descubriendo LeBorêt","3 x 5ml","2",30,"2025-03-08",-10,0
"Manhattan Eau de Parfum","100ml","2002",150,"2025-03-08",0,0
"Tundra Eau de Parfum","100ml","10",150,"2025-03-09",1,150
"prueba1","Default Title",,,"2025-03-09",0,0
"Set LeBorêt No. 1","3 x 100ml","1",660,"2025-03-09",-1,0
"Set Descubriendo LeBorêt","3 x 5ml","2",30,"2025-03-09",-10,0
"Sahara Eau de Parfum","100ml","1035",170,"2025-03-09",5,850
"Manhattan Eau de Parfum","100ml","2002",150,"2025-03-09",0,0
"Tundra Eau de Parfum","100ml","10",150,"2025-03-10",0,0
"prueba1","Default Title",,,"2025-03-10",0,0
"Set LeBorêt No. 1","3 x 100ml","1",660,"2025-03-10",-1,0
"Set Descubriendo LeBorêt","3 x 5ml","2",30,"2025-03-10",-10,0
"Sahara Eau de Parfum","100ml","1035",170,"2025-03-10",5,850
"Manhattan Eau de Parfum","100ml","2002",150,"2025-03-10",0,0
"Tundra Eau de Parfum","100ml","10",150,"2025-03-11",0,0
"Set LeBorêt No. 1","3 x 100ml","1",660,"2025-03-11",-1,0
"prueba1","Default Title",,,"2025-03-11",0,0
"Set Descubriendo LeBorêt","3 x 5ml","2",30,"2025-03-11",-11,0
"Sahara Eau de Parfum","100ml","1035",170,"2025-03-11",5,850
"Manhattan Eau de Parfum","100ml","2002",150,"2025-03-11",0,0
"Tundra Eau de Parfum","100ml","10",150,"2025-03-12",0,0
"Set LeBorêt No. 1","3 x 100ml","1",660,"2025-03-12",-1,0
"prueba1","Default Title",,,"2025-03-12",0,0
"Set Descubriendo LeBorêt","3 x 5ml","2",30,"2025-03-12",-11,0
"Sahara Eau de Parfum","100ml","1035",170,"2025-03-12",5,850
"Manhattan Eau de Parfum","100ml","2002",150,"2025-03-12",0,0
"Manhattan Eau de Parfum","100ml","2002",150,"2025-03-13",0,0
"Set Descubriendo LeBorêt","3 x 5ml","2",30,"2025-03-13",-11,0
"Sahara Eau de Parfum","100ml","1035",170,"2025-03-13",5,850
"Tundra Eau de Parfum","100ml","10",150,"2025-03-13",0,0
"Set LeBorêt No. 1","3 x 100ml","1",660,"2025-03-13",-1,0
"prueba1","Default Title",,,"2025-03-13",0,0
"Manhattan Eau de Parfum","100ml","2002",150,"2025-03-14",0,0
"Set Descubriendo LeBorêt","3 x 5ml","2",30,"2025-03-14",-11,0
"Sahara Eau de Parfum","100ml","1035",170,"2025-03-14",5,850
"Tundra Eau de Parfum","100ml","10",150,"2025-03-14",0,0
"Set LeBorêt No. 1","3 x 100ml","1",660,"2025-03-14",-1,0
"prueba1","Default Title",,,"2025-03-14",0,0
"Manhattan Eau de Parfum","100ml","2002",150,"2025-03-15",0,0
"Set Descubriendo LeBorêt","3 x 5ml","2",30,"2025-03-15",-11,0
"Sahara Eau de Parfum","100ml","1035",170,"2025-03-15",4,680
"Tundra Eau de Parfum","100ml","10",150,"2025-03-15",-1,0
"prueba1","Default Title",,,"2025-03-15",0,0
"Set LeBorêt No. 1","3 x 100ml","1",660,"2025-03-15",-1,0
"Manhattan Eau de Parfum","100ml","2002",150,"2025-03-16",0,0
"Set Descubriendo LeBorêt","3 x 5ml","2",30,"2025-03-16",-11,0
"Sahara Eau de Parfum","100ml","1035",170,"2025-03-16",4,680
"Tundra Eau de Parfum","100ml","10",150,"2025-03-16",-1,0
"prueba1","Default Title",,,"2025-03-16",0,0
"Set LeBorêt No. 1","3 x 100ml","1",660,"2025-03-16",-1,0
"Manhattan Eau de Parfum","100ml","2002",150,"2025-03-17",0,0
"Sahara Eau de Parfum","100ml","1035",170,"2025-03-17",4,680
"Set Descubriendo LeBorêt","3 x 5ml","2",30,"2025-03-17",-11,0
"prueba1","Default Title",,,"2025-03-17",0,0
"Set LeBorêt No. 1","3 x 100ml","1",660,"2025-03-17",-1,0
"Tundra Eau de Parfum","100ml","10",150,"2025-03-17",-2,0
"Manhattan Eau de Parfum","100ml","2002",150,"2025-03-18",0,0
"Sahara Eau de Parfum","100ml","1035",170,"2025-03-18",4,680
"Set Descubriendo LeBorêt","3 x 5ml","2",30,"2025-03-18",-11,0
"prueba1","Default Title",,,"2025-03-18",0,0
"Set LeBorêt No. 1","3 x 100ml","1",660,"2025-03-18",-1,0
"Tundra Eau de Parfum","100ml","10",150,"2025-03-18",-2,0
"Manhattan Eau de Parfum","100ml","2002",150,"2025-03-19",0,0
"Sahara Eau de Parfum","100ml","1035",170,"2025-03-19",4,680
"Set Descubriendo LeBorêt","3 x 5ml","2",30,"2025-03-19",-11,0
"Set LeBorêt No. 1","3 x 100ml","1",660,"2025-03-19",-1,0
"prueba1","Default Title",,,"2025-03-19",0,0
"Tundra Eau de Parfum","100ml","10",150,"2025-03-19",-2,0
"Manhattan Eau de Parfum","100ml","2002",150,"2025-03-20",0,0
"Sahara Eau de Parfum","100ml","1035",170,"2025-03-20",4,680
"Set Descubriendo LeBorêt","3 x 5ml","2",30,"2025-03-20",-11,0
"Set LeBorêt No. 1","3 x 100ml","1",660,"2025-03-20",-1,0
"prueba1","Default Title",,,"2025-03-20",0,0
"Tundra Eau de Parfum","100ml","10",150,"2025-03-20",-2,0
"Sahara Eau de Parfum","100ml","1035",170,"2025-03-21",4,680
"Set Descubriendo LeBorêt","3 x 5ml","2",30,"2025-03-21",-11,0
"Manhattan Eau de Parfum","100ml","2002",150,"2025-03-21",0,0
"prueba1","Default Title",,,"2025-03-21",0,0
"Set LeBorêt No. 1","3 x 100ml","1",660,"2025-03-21",-1,0
"Tundra Eau de Parfum","100ml","10",150,"2025-03-21",-2,0
"Sahara Eau de Parfum","100ml","1035",170,"2025-03-22",4,680
"Set Descubriendo LeBorêt","3 x 5ml","2",30,"2025-03-22",-11,0
"Manhattan Eau de Parfum","100ml","2002",150,"2025-03-22",0,0
"prueba1","Default Title",,,"2025-03-22",0,0
"Set LeBorêt No. 1","3 x 100ml","1",660,"2025-03-22",-1,0
"Tundra Eau de Parfum","100ml","10",150,"2025-03-22",-2,0
"Sahara Eau de Parfum","100ml","1035",170,"2025-03-23",4,680
"Set Descubriendo LeBorêt","3 x 5ml","2",30,"2025-03-23",-11,0
"Manhattan Eau de Parfum","100ml","2002",150,"2025-03-23",0,0
"Set LeBorêt No. 1","3 x 100ml","1",660,"2025-03-23",-1,0
"prueba1","Default Title",,,"2025-03-23",0,0
"Tundra Eau de Parfum","100ml","10",150,"2025-03-23",-2,0
"Sahara Eau de Parfum","100ml","1035",170,"2025-03-24",4,680
"Set Descubriendo LeBorêt","3 x 5ml","2",30,"2025-03-24",-11,0
"Manhattan Eau de Parfum","100ml","2002",150,"2025-03-24",0,0
"Set LeBorêt No. 1","3 x 100ml","1",660,"2025-03-24",-1,0
"prueba1","Default Title",,,"2025-03-24",0,0
"Tundra Eau de Parfum","100ml","10",150,"2025-03-24",-2,0
"Set Descubriendo LeBorêt","3 x 5ml","2",30,"2025-03-25",-11,0
"Sahara Eau de Parfum","100ml","1035",170,"2025-03-25",4,680
"Manhattan Eau de Parfum","100ml","2002",150,"2025-03-25",0,0
"Tundra Eau de Parfum","100ml","10",150,"2025-03-25",-3,0
"Set LeBorêt No. 1","3 x 100ml","1",660,"2025-03-25",-1,0
"prueba1","Default Title",,,"2025-03-25",0,0
"Set Descubriendo LeBorêt","3 x 5ml","2",30,"2025-03-26",-11,0
"Sahara Eau de Parfum","100ml","1035",170,"2025-03-26",4,680
"Manhattan Eau de Parfum","100ml","2002",150,"2025-03-26",0,0
"Tundra Eau de Parfum","100ml","10",150,"2025-03-26",-3,0
"Set LeBorêt No. 1","3 x 100ml","1",660,"2025-03-26",-1,0
"prueba1","Default Title",,,"2025-03-26",0,0
"Set Descubriendo LeBorêt","3 x 5ml","2",30,"2025-03-27",-11,0
"Sahara Eau de Parfum","100ml","1035",170,"2025-03-27",4,680
"Manhattan Eau de Parfum","100ml","2002",150,"2025-03-27",0,0
"Tundra Eau de Parfum","100ml","10",150,"2025-03-27",-3,0
"prueba1","Default Title",,,"2025-03-27",0,0
"Set LeBorêt No. 1","3 x 100ml","1",660,"2025-03-27",-1,0
"Set Descubriendo LeBorêt","3 x 5ml","2",30,"2025-03-28",-11,0
"Sahara Eau de Parfum","100ml","1035",170,"2025-03-28",4,680
"Manhattan Eau de Parfum","100ml","2002",150,"2025-03-28",0,0
"Tundra Eau de Parfum","100ml","10",150,"2025-03-28",-3,0
"prueba1","Default Title",,,"2025-03-28",0,0
"Set LeBorêt No. 1","3 x 100ml","1",660,"2025-03-28",-1,0
"Manhattan Eau de Parfum","100ml","2002",150,"2025-03-29",0,0
"Sahara Eau de Parfum","100ml","1035",170,"2025-03-29",4,680
"Set Descubriendo LeBorêt","3 x 5ml","2",30,"2025-03-29",-11,0
"prueba1","Default Title",,,"2025-03-29",0,0
"Set LeBorêt No. 1","3 x 100ml","1",660,"2025-03-29",-1,0
"Tundra Eau de Parfum","100ml","10",150,"2025-03-29",-3,0
"Manhattan Eau de Parfum","100ml","2002",150,"2025-03-30",0,0
"Sahara Eau de Parfum","100ml","1035",170,"2025-03-30",4,680
"Set Descubriendo LeBorêt","3 x 5ml","2",30,"2025-03-30",-11,0
"prueba1","Default Title",,,"2025-03-30",0,0
"Set LeBorêt No. 1","3 x 100ml","1",660,"2025-03-30",-1,0
"Tundra Eau de Parfum","100ml","10",150,"2025-03-30",-3,0
"Manhattan Eau de Parfum","100ml","2002",150,"2025-03-31",0,0
"Sahara Eau de Parfum","100ml","1035",170,"2025-03-31",5,850
"Set Descubriendo LeBorêt","3 x 5ml","2",30,"2025-03-31",-11,0
"Set LeBorêt No. 1","3 x 100ml","1",660,"2025-03-31",-1,0
"prueba1","Default Title",,,"2025-03-31",0,0
"Tundra Eau de Parfum","100ml","10",150,"2025-03-31",-3,0
"Manhattan Eau de Parfum","100ml","2002",150,"2025-04-01",0,0
"Sahara Eau de Parfum","100ml","1035",170,"2025-04-01",5,850
"Set Descubriendo LeBorêt","3 x 5ml","2",30,"2025-04-01",-11,0
"Set LeBorêt No. 1","3 x 100ml","1",660,"2025-04-01",-1,0
"prueba1","Default Title",,,"2025-04-01",0,0
"Tundra Eau de Parfum","100ml","10",150,"2025-04-01",-3,0
"Manhattan Eau de Parfum","100ml","2002",150,"2025-04-02",0,0
"Set Descubriendo LeBorêt","3 x 5ml","2",30,"2025-04-02",-12,0
"Sahara Eau de Parfum","100ml","1035",170,"2025-04-02",5,850
"Tundra Eau de Parfum","100ml","10",150,"2025-04-02",-3,0
"Set LeBorêt No. 1","3 x 100ml","1",660,"2025-04-02",-1,0
"prueba1","Default Title",,,"2025-04-02",0,0
"Manhattan Eau de Parfum","100ml","2002",150,"2025-04-03",0,0
"Set Descubriendo LeBorêt","3 x 5ml","2",30,"2025-04-03",-12,0
"Sahara Eau de Parfum","100ml","1035",170,"2025-04-03",4,680
"Tundra Eau de Parfum","100ml","10",150,"2025-04-03",-4,0
"Set LeBorêt No. 1","3 x 100ml","1",660,"2025-04-03",-1,0
"prueba1","Default Title",,,"2025-04-03",0,0
"Manhattan Eau de Parfum","100ml","2002",150,"2025-04-04",108,16200
"Set Descubriendo LeBorêt","3 x 5ml","2",30,"2025-04-04",25,750
"Sahara Eau de Parfum","100ml","1035",170,"2025-04-04",112,19040
"Tundra Eau de Parfum","100ml","10",150,"2025-04-04",104,15600
"prueba1","Default Title",,,"2025-04-04",0,0
"Set LeBorêt No. 1","3 x 100ml","1",660,"2025-04-04",104,68640
"Manhattan Eau de Parfum","100ml","2002",150,"2025-04-05",108,16200
"Set Descubriendo LeBorêt","3 x 5ml","2",30,"2025-04-05",25,750
"Sahara Eau de Parfum","100ml","1035",170,"2025-04-05",112,19040
"Tundra Eau de Parfum","100ml","10",150,"2025-04-05",104,15600
"prueba1","Default Title",,,"2025-04-05",0,0
"Set LeBorêt No. 1","3 x 100ml","1",660,"2025-04-05",104,68640
"Set Descubriendo LeBorêt","3 x 5ml","2",30,"2025-04-06",27,810
"Sahara Eau de Parfum","100ml","1035",170,"2025-04-06",112,19040
"Manhattan Eau de Parfum","100ml","2002",150,"2025-04-06",107,16050
"Tundra Eau de Parfum","100ml","10",150,"2025-04-06",104,15600
"Set LeBorêt No. 1","3 x 100ml","1",660,"2025-04-06",104,68640
"prueba1","Default Title",,,"2025-04-06",0,0
"Set Descubriendo LeBorêt","3 x 5ml","2",30,"2025-04-07",27,810
"Sahara Eau de Parfum","100ml","1035",170,"2025-04-07",111,18870
"Manhattan Eau de Parfum","100ml","2002",150,"2025-04-07",106,15900
"Tundra Eau de Parfum","100ml","10",150,"2025-04-07",103,15450
"Set LeBorêt No. 1","3 x 100ml","1",660,"2025-04-07",103,67980
"prueba1","Default Title",,,"2025-04-07",0,0
"Set Descubriendo LeBorêt","3 x 5ml","2",30,"2025-04-08",27,810
"Sahara Eau de Parfum","100ml","1035",170,"2025-04-08",110,18700
"Manhattan Eau de Parfum","100ml","2002",150,"2025-04-08",105,15750
"Tundra Eau de Parfum","100ml","10",150,"2025-04-08",102,15300
"prueba1","Default Title",,,"2025-04-08",0,0
"Set LeBorêt No. 1","3 x 100ml","1",660,"2025-04-08",102,67320
"Set Descubriendo LeBorêt","3 x 5ml","2",30,"2025-04-09",27,810
"Sahara Eau de Parfum","100ml","1035",170,"2025-04-09",110,18700
"Manhattan Eau de Parfum","100ml","2002",150,"2025-04-09",103,15450
"Tundra Eau de Parfum","100ml","10",150,"2025-04-09",102,15300
"prueba1","Default Title",,,"2025-04-09",0,0
"Set LeBorêt No. 1","3 x 100ml","1",660,"2025-04-09",102,67320
"Sahara Eau de Parfum","100ml","1035",170,"2025-04-10",110,18700
"Set Descubriendo LeBorêt","3 x 5ml","2",30,"2025-04-10",27,810
"Manhattan Eau de Parfum","100ml","2002",150,"2025-04-10",102,15300
"prueba1","Default Title",,,"2025-04-10",0,0
"Set LeBorêt No. 1","3 x 100ml","1",660,"2025-04-10",102,67320
"Tundra Eau de Parfum","100ml","10",150,"2025-04-10",102,15300
"Sahara Eau de Parfum","100ml","1035",170,"2025-04-11",105,17850
"Set Descubriendo LeBorêt","3 x 5ml","2",30,"2025-04-11",27,810
"Manhattan Eau de Parfum","100ml","2002",150,"2025-04-11",95,14250
"prueba1","Default Title",,,"2025-04-11",0,0
"Set LeBorêt No. 1","3 x 100ml","1",660,"2025-04-11",95,62700
"Tundra Eau de Parfum","100ml","10",150,"2025-04-11",97,14550
"Sahara Eau de Parfum","100ml","1035",170,"2025-04-12",104,17680
"Set Descubriendo LeBorêt","3 x 5ml","2",30,"2025-04-12",27,810
"Manhattan Eau de Parfum","100ml","2002",150,"2025-04-12",92,13800
"Set LeBorêt No. 1","3 x 100ml","1",660,"2025-04-12",92,60720
"prueba1","Default Title",,,"2025-04-12",0,0
"Tundra Eau de Parfum","100ml","10",150,"2025-04-12",96,14400
"Sahara Eau de Parfum","100ml","1035",170,"2025-04-13",102,17340
"Set Descubriendo LeBorêt","3 x 5ml","2",30,"2025-04-13",27,810
"Manhattan Eau de Parfum","100ml","2002",150,"2025-04-13",90,13500
"Set LeBorêt No. 1","3 x 100ml","1",660,"2025-04-13",90,59400
"prueba1","Default Title",,,"2025-04-13",0,0
"Tundra Eau de Parfum","100ml","10",150,"2025-04-13",94,14100
"Sahara Eau de Parfum","100ml","1035",170,"2025-04-14",95,16150
"Set Descubriendo LeBorêt","3 x 5ml","2",30,"2025-04-14",27,810
"Manhattan Eau de Parfum","100ml","2002",150,"2025-04-14",82,12300
"Set LeBorêt No. 1","3 x 100ml","1",660,"2025-04-14",82,54120
"prueba1","Default Title",,,"2025-04-14",0,0
"Tundra Eau de Parfum","100ml","10",150,"2025-04-14",86,12900
"Sahara Eau de Parfum","100ml","1035",170,"2025-04-15",89,15130
"Set Descubriendo LeBorêt","3 x 5ml","2",30,"2025-04-15",27,810
"Manhattan Eau de Parfum","100ml","2002",150,"2025-04-15",76,11400
"Set LeBorêt No. 1","3 x 100ml","1",660,"2025-04-15",76,50160
"prueba1","Default Title",,,"2025-04-15",0,0
"Tundra Eau de Parfum","100ml","10",150,"2025-04-15",81,12150
"Sahara Eau de Parfum","100ml","1035",170,"2025-04-16",84,14280
"Set Descubriendo LeBorêt","3 x 5ml","2",30,"2025-04-16",26,780
"Manhattan Eau de Parfum","100ml","2002",150,"2025-04-16",70,10500
"prueba1","Default Title",,,"2025-04-16",0,0
"Set LeBorêt No. 1","3 x 100ml","1",660,"2025-04-16",70,46200
"Tundra Eau de Parfum","100ml","10",150,"2025-04-16",75,11250
"Sahara Eau de Parfum","100ml","1035",170,"2025-04-17",81,13770
"Set Descubriendo LeBorêt","3 x 5ml","2",30,"2025-04-17",26,780
"Manhattan Eau de Parfum","100ml","2002",150,"2025-04-17",66,9900
"prueba1","Default Title",,,"2025-04-17",0,0
"Set LeBorêt No. 1","3 x 100ml","1",660,"2025-04-17",66,43560
"Tundra Eau de Parfum","100ml","10",150,"2025-04-17",72,10800
"Set Descubriendo LeBorêt","3 x 5ml","2",30,"2025-04-18",26,780
"Sahara Eau de Parfum","100ml","1035",170,"2025-04-18",77,13090
"Manhattan Eau de Parfum","100ml","2002",150,"2025-04-18",61,9150
"Tundra Eau de Parfum","100ml","10",150,"2025-04-18",68,10200
"prueba1","Default Title",,,"2025-04-18",0,0
"Set LeBorêt No. 1","3 x 100ml","1",660,"2025-04-18",61,40260
"Set Descubriendo LeBorêt","3 x 5ml","2",30,"2025-04-19",26,780
"Sahara Eau de Parfum","100ml","1035",170,"2025-04-19",73,12410
"Manhattan Eau de Parfum","100ml","2002",150,"2025-04-19",56,8400
"Tundra Eau de Parfum","100ml","10",150,"2025-04-19",64,9600
"prueba1","Default Title",,,"2025-04-19",0,0
"Set LeBorêt No. 1","3 x 100ml","1",660,"2025-04-19",56,36960
"Set Descubriendo LeBorêt","3 x 5ml","2",30,"2025-04-20",25,750
"Sahara Eau de Parfum","100ml","1035",170,"2025-04-20",72,12240
"Manhattan Eau de Parfum","100ml","2002",150,"2025-04-20",54,8100
"Tundra Eau de Parfum","100ml","10",150,"2025-04-20",63,9450
"Set LeBorêt No. 1","3 x 100ml","1",660,"2025-04-20",54,35640
"prueba1","Default Title",,,"2025-04-20",0,0
"Set Descubriendo LeBorêt","3 x 5ml","2",30,"2025-04-21",25,750
"Sahara Eau de Parfum","100ml","1035",170,"2025-04-21",70,11900
"Manhattan Eau de Parfum","100ml","2002",150,"2025-04-21",50,7500
"Tundra Eau de Parfum","100ml","10",150,"2025-04-21",61,9150
"Set LeBorêt No. 1","3 x 100ml","1",660,"2025-04-21",50,33000
"prueba1","Default Title",,,"2025-04-21",0,0
"Manhattan Eau de Parfum","100ml","2002",150,"2025-04-22",44,6600
"Set Descubriendo LeBorêt","3 x 5ml","2",30,"2025-04-22",25,750
"Sahara Eau de Parfum","100ml","1035",170,"2025-04-22",65,11050
"Tundra Eau de Parfum","100ml","10",150,"2025-04-22",56,8400
"prueba1","Default Title",,,"2025-04-22",0,0
"Set LeBorêt No. 1","3 x 100ml","1",660,"2025-04-22",44,29040
"Manhattan Eau de Parfum","100ml","2002",150,"2025-04-23",38,5700
"Set Descubriendo LeBorêt","3 x 5ml","2",30,"2025-04-23",25,750
"Sahara Eau de Parfum","100ml","1035",170,"2025-04-23",60,10200
"Tundra Eau de Parfum","100ml","10",150,"2025-04-23",51,7650
"prueba1","Default Title",,,"2025-04-23",0,0
"Set LeBorêt No. 1","3 x 100ml","1",660,"2025-04-23",38,25080
"Manhattan Eau de Parfum","100ml","2002",150,"2025-04-24",37,5550
"Set Descubriendo LeBorêt","3 x 5ml","2",30,"2025-04-24",25,750
"Sahara Eau de Parfum","100ml","1035",170,"2025-04-24",60,10200
"Tundra Eau de Parfum","100ml","10",150,"2025-04-24",51,7650
"Set LeBorêt No. 1","3 x 100ml","1",660,"2025-04-24",37,24420
"prueba1","Default Title",,,"2025-04-24",0,0
"Manhattan Eau de Parfum","100ml","2002",150,"2025-04-25",30,4500
"Set Descubriendo LeBorêt","3 x 5ml","2",30,"2025-04-25",25,750
"Sahara Eau de Parfum","100ml","1035",170,"2025-04-25",52,8840
"Tundra Eau de Parfum","100ml","10",150,"2025-04-25",44,6600
"Set LeBorêt No. 1","3 x 100ml","1",660,"2025-04-25",30,19800
"prueba1","Default Title",,,"2025-04-25",0,0
"Manhattan Eau de Parfum","100ml","2002",150,"2025-04-26",28,4200
"Sahara Eau de Parfum","100ml","1035",170,"2025-04-26",50,8500
"Set Descubriendo LeBorêt","3 x 5ml","2",30,"2025-04-26",23,690
"Set LeBorêt No. 1","3 x 100ml","1",660,"2025-04-26",28,18480
"prueba1","Default Title",,,"2025-04-26",0,0
"Tundra Eau de Parfum","100ml","10",150,"2025-04-26",42,6300
"Manhattan Eau de Parfum","100ml","2002",150,"2025-04-27",27,4050
"Sahara Eau de Parfum","100ml","1035",170,"2025-04-27",49,8330
"Set Descubriendo LeBorêt","3 x 5ml","2",30,"2025-04-27",22,660
"Set LeBorêt No. 1","3 x 100ml","1",660,"2025-04-27",27,17820
"prueba1","Default Title",,,"2025-04-27",0,0
"Tundra Eau de Parfum","100ml","10",150,"2025-04-27",41,6150
"Manhattan Eau de Parfum","100ml","2002",150,"2025-04-28",20,3000
"Sahara Eau de Parfum","100ml","1035",170,"2025-04-28",44,7480
"Set Descubriendo LeBorêt","3 x 5ml","2",30,"2025-04-28",21,630
"prueba1","Default Title",,,"2025-04-28",0,0
"Set LeBorêt No. 1","3 x 100ml","1",660,"2025-04-28",20,13200
"Tundra Eau de Parfum","100ml","10",150,"2025-04-28",35,5250
"Manhattan Eau de Parfum","100ml","2002",150,"2025-04-29",17,2550
"Sahara Eau de Parfum","100ml","1035",170,"2025-04-29",42,7140
"Set Descubriendo LeBorêt","3 x 5ml","2",30,"2025-04-29",21,630
"prueba1","Default Title",,,"2025-04-29",0,0
"Set LeBorêt No. 1","3 x 100ml","1",660,"2025-04-29",17,11220
"Tundra Eau de Parfum","100ml","10",150,"2025-04-29",33,4950
"Set Descubriendo LeBorêt","3 x 5ml","2",30,"2025-04-30",21,630
"Sahara Eau de Parfum","100ml","1035",170,"2025-04-30",40,6800
"Manhattan Eau de Parfum","100ml","2002",150,"2025-04-30",14,2100
"Tundra Eau de Parfum","100ml","10",150,"2025-04-30",31,4650
"prueba1","Default Title",,,"2025-04-30",0,0
"Set LeBorêt No. 1","3 x 100ml","1",660,"2025-04-30",14,9240
"Set Descubriendo LeBorêt","3 x 5ml","2",30,"2025-05-01",21,630
"Sahara Eau de Parfum","100ml","1035",170,"2025-05-01",35,5950
"Manhattan Eau de Parfum","100ml","2002",150,"2025-05-01",9,1350
"Tundra Eau de Parfum","100ml","10",150,"2025-05-01",26,3900
"prueba1","Default Title",,,"2025-05-01",0,0
"Set LeBorêt No. 1","3 x 100ml","1",660,"2025-05-01",9,5940
"Set Descubriendo LeBorêt","3 x 5ml","2",30,"2025-05-02",21,630
"Sahara Eau de Parfum","100ml","1035",170,"2025-05-02",34,5780
"Manhattan Eau de Parfum","100ml","2002",150,"2025-05-02",8,1200
"Tundra Eau de Parfum","100ml","10",150,"2025-05-02",25,3750
"Set LeBorêt No. 1","3 x 100ml","1",660,"2025-05-02",8,5280
"prueba1","Default Title",,,"2025-05-02",0,0
"Set Descubriendo LeBorêt","3 x 5ml","2",30,"2025-05-03",21,630
"Sahara Eau de Parfum","100ml","1035",170,"2025-05-03",32,5440
"Manhattan Eau de Parfum","100ml","2002",150,"2025-05-03",6,900
"Tundra Eau de Parfum","100ml","10",150,"2025-05-03",23,3450
"Set LeBorêt No. 1","3 x 100ml","1",660,"2025-05-03",6,3960
"prueba1","Default Title",,,"2025-05-03",0,0
"Sahara Eau de Parfum","100ml","1035",170,"2025-05-04",28,4760
"Set Descubriendo LeBorêt","3 x 5ml","2",30,"2025-05-04",20,600
"Manhattan Eau de Parfum","100ml","2002",150,"2025-05-04",56,8400
"Set LeBorêt No. 1","3 x 100ml","1",660,"2025-05-04",19,12540
"prueba1","Default Title",,,"2025-05-04",0,0
"Tundra Eau de Parfum","100ml","10",150,"2025-05-04",19,2850
"Sahara Eau de Parfum","100ml","1035",170,"2025-05-05",23,3910
"Set Descubriendo LeBorêt","3 x 5ml","2",30,"2025-05-05",19,570
"Manhattan Eau de Parfum","100ml","2002",150,"2025-05-05",49,7350
"Set LeBorêt No. 1","3 x 100ml","1",660,"2025-05-05",13,8580
"prueba1","Default Title",,,"2025-05-05",0,0
"Tundra Eau de Parfum","100ml","10",150,"2025-05-05",13,1950
"Sahara Eau de Parfum","100ml","1035",170,"2025-05-06",19,3230
"Set Descubriendo LeBorêt","3 x 5ml","2",30,"2025-05-06",17,510
"Manhattan Eau de Parfum","100ml","2002",150,"2025-05-06",45,6750
"prueba1","Default Title",,,"2025-05-06",0,0
"Set LeBorêt No. 1","3 x 100ml","1",660,"2025-05-06",9,5940
"Tundra Eau de Parfum","100ml","10",150,"2025-05-06",9,1350
"Sahara Eau de Parfum","100ml","1035",170,"2025-05-07",15,2550
"Set Descubriendo LeBorêt","3 x 5ml","2",30,"2025-05-07",17,510
"Manhattan Eau de Parfum","100ml","2002",150,"2025-05-07",41,6150
"prueba1","Default Title",,,"2025-05-07",0,0
"Set LeBorêt No. 1","3 x 100ml","1",660,"2025-05-07",5,3300
"Tundra Eau de Parfum","100ml","10",150,"2025-05-07",5,750
"Manhattan Eau de Parfum","100ml","2002",150,"2025-05-08",145,21750
"Sahara Eau de Parfum","100ml","1035",170,"2025-05-08",118,20060
"Set Descubriendo LeBorêt","3 x 5ml","2",30,"2025-05-08",17,510
"Set LeBorêt No. 1","3 x 100ml","1",660,"2025-05-08",109,71940
"prueba1","Default Title",,,"2025-05-08",0,0
"Tundra Eau de Parfum","100ml","10",150,"2025-05-08",109,16350
"Manhattan Eau de Parfum","100ml","2002",150,"2025-05-09",142,21300
"Sahara Eau de Parfum","100ml","1035",170,"2025-05-09",115,19550
"Set Descubriendo LeBorêt","3 x 5ml","2",30,"2025-05-09",17,510
"Set LeBorêt No. 1","3 x 100ml","1",660,"2025-05-09",106,69960
"prueba1","Default Title",,,"2025-05-09",0,0
"Tundra Eau de Parfum","100ml","10",150,"2025-05-09",106,15900
"Manhattan Eau de Parfum","100ml","2002",150,"2025-05-10",134,20100
"Sahara Eau de Parfum","100ml","1035",170,"2025-05-10",108,18360
"Set Descubriendo LeBorêt","3 x 5ml","2",30,"2025-05-10",17,510
"prueba1","Default Title",,,"2025-05-10",0,0
"Set LeBorêt No. 1","3 x 100ml","1",660,"2025-05-10",99,65340
"Tundra Eau de Parfum","100ml","10",150,"2025-05-10",99,14850
"Manhattan Eau de Parfum","100ml","2002",150,"2025-05-11",131,19650
"Sahara Eau de Parfum","100ml","1035",170,"2025-05-11",105,17850
"Set Descubriendo LeBorêt","3 x 5ml","2",30,"2025-05-11",17,510
"prueba1","Default Title",,,"2025-05-11",0,0
"Set LeBorêt No. 1","3 x 100ml","1",660,"2025-05-11",96,63360
"Tundra Eau de Parfum","100ml","10",150,"2025-05-11",96,14400
"Manhattan Eau de Parfum","100ml","2002",150,"2025-05-12",135,20250
"Set Descubriendo LeBorêt","3 x 5ml","2",30,"2025-05-12",17,510
"Sahara Eau de Parfum","100ml","1035",170,"2025-05-12",109,18530
"Tundra Eau de Parfum","100ml","10",150,"2025-05-12",100,15000
"prueba1","Default Title",,,"2025-05-12",0,0
"Set LeBorêt No. 1","3 x 100ml","1",660,"2025-05-12",100,66000
"Manhattan Eau de Parfum","100ml","2002",150,"2025-05-13",134,20100
"Set Descubriendo LeBorêt","3 x 5ml","2",30,"2025-05-13",17,510
"Sahara Eau de Parfum","100ml","1035",170,"2025-05-13",108,18360
"Tundra Eau de Parfum","100ml","10",150,"2025-05-13",99,14850
"prueba1","Default Title",,,"2025-05-13",0,0
"Set LeBorêt No. 1","3 x 100ml","1",660,"2025-05-13",99,65340
"Manhattan Eau de Parfum","100ml","2002",150,"2025-05-14",129,19350
"Set Descubriendo LeBorêt","3 x 5ml","2",30,"2025-05-14",16,480
"Sahara Eau de Parfum","100ml","1035",170,"2025-05-14",103,17510
"Tundra Eau de Parfum","100ml","10",150,"2025-05-14",94,14100
"Set LeBorêt No. 1","3 x 100ml","1",660,"2025-05-14",94,62040
"prueba1","Default Title",,,"2025-05-14",0,0
"Manhattan Eau de Parfum","100ml","2002",150,"2025-05-15",121,18150
"Set Descubriendo LeBorêt","3 x 5ml","2",30,"2025-05-15",16,480
"Sahara Eau de Parfum","100ml","1035",170,"2025-05-15",98,16660
"Tundra Eau de Parfum","100ml","10",150,"2025-05-15",89,13350
"Set LeBorêt No. 1","3 x 100ml","1",660,"2025-05-15",89,58740
"prueba1","Default Title",,,"2025-05-15",0,0
"prueba1","Default Title",,,"2025-05-16",0,0
"Set LeBorêt No. 1","3 x 100ml","1",660,"2025-05-16",85,56100
"Tundra Eau de Parfum","100ml","10",150,"2025-05-16",85,12750
"Sahara Eau de Parfum","100ml","1035",170,"2025-05-16",94,15980
"Set Descubriendo LeBorêt","3 x 5ml","2",30,"2025-05-16",16,480
"Manhattan Eau de Parfum","100ml","2002",150,"2025-05-16",117,17550
"prueba1","Default Title",,,"2025-05-17",0,0
"Set LeBorêt No. 1","3 x 100ml","1",660,"2025-05-17",82,54120
"Tundra Eau de Parfum","100ml","10",150,"2025-05-17",82,12300
"Sahara Eau de Parfum","100ml","1035",170,"2025-05-17",91,15470
"Set Descubriendo LeBorêt","3 x 5ml","2",30,"2025-05-17",16,480
"Manhattan Eau de Parfum","100ml","2002",150,"2025-05-17",113,16950
"Set LeBorêt No. 1","3 x 100ml","1",660,"2025-05-18",78,51480
"prueba1","Default Title",,,"2025-05-18",0,0
"Tundra Eau de Parfum","100ml","10",150,"2025-05-18",78,11700
"Sahara Eau de Parfum","100ml","1035",170,"2025-05-18",87,14790
"Set Descubriendo LeBorêt","3 x 5ml","2",30,"2025-05-18",16,480
"Manhattan Eau de Parfum","100ml","2002",150,"2025-05-18",107,16050
"Set LeBorêt No. 1","3 x 100ml","1",660,"2025-05-19",77,50820
"prueba1","Default Title",,,"2025-05-19",0,0
"Tundra Eau de Parfum","100ml","10",150,"2025-05-19",77,11550
"Sahara Eau de Parfum","100ml","1035",170,"2025-05-19",85,14450
"Set Descubriendo LeBorêt","3 x 5ml","2",30,"2025-05-19",15,450
"Manhattan Eau de Parfum","100ml","2002",150,"2025-05-19",107,16050
"Tundra Eau de Parfum","100ml","10",150,"2025-05-20",74,11100
"Set LeBorêt No. 1","3 x 100ml","1",660,"2025-05-20",74,48840
"prueba1","Default Title",,,"2025-05-20",0,0
"Set Descubriendo LeBorêt","3 x 5ml","2",30,"2025-05-20",15,450
"Sahara Eau de Parfum","100ml","1035",170,"2025-05-20",82,13940
"Manhattan Eau de Parfum","100ml","2002",150,"2025-05-20",105,15750
"Tundra Eau de Parfum","100ml","10",150,"2025-05-21",73,10950
"Set LeBorêt No. 1","3 x 100ml","1",660,"2025-05-21",73,48180
"prueba1","Default Title",,,"2025-05-21",0,0
"Set Descubriendo LeBorêt","3 x 5ml","2",30,"2025-05-21",15,450
"Sahara Eau de Parfum","100ml","1035",170,"2025-05-21",81,13770
"Manhattan Eau de Parfum","100ml","2002",150,"2025-05-21",104,15600
"Tundra Eau de Parfum","100ml","10",150,"2025-05-22",73,10950
"prueba1","Default Title",,,"2025-05-22",0,0
"Set LeBorêt No. 1","3 x 100ml","1",660,"2025-05-22",73,48180
"Set Descubriendo LeBorêt","3 x 5ml","2",30,"2025-05-22",15,450
"Sahara Eau de Parfum","100ml","1035",170,"2025-05-22",81,13770
"Manhattan Eau de Parfum","100ml","2002",150,"2025-05-22",104,15600
"Tundra Eau de Parfum","100ml","10",150,"2025-05-23",72,10800
"prueba1","Default Title",,,"2025-05-23",0,0
"Set LeBorêt No. 1","3 x 100ml","1",660,"2025-05-23",72,47520
"Set Descubriendo LeBorêt","3 x 5ml","2",30,"2025-05-23",14,420
"Sahara Eau de Parfum","100ml","1035",170,"2025-05-23",80,13600
"Manhattan Eau de Parfum","100ml","2002",150,"2025-05-23",103,15450
"Tundra Eau de Parfum","100ml","10",150,"2025-05-24",72,10800
"Set LeBorêt No. 1","3 x 100ml","1",660,"2025-05-24",72,47520
"prueba1","Default Title",,,"2025-05-24",0,0
"Manhattan Eau de Parfum","100ml","2002",150,"2025-05-24",103,15450
"Set Descubriendo LeBorêt","3 x 5ml","2",30,"2025-05-24",14,420
"Sahara Eau de Parfum","100ml","1035",170,"2025-05-24",80,13600
"Tundra Eau de Parfum","100ml","10",150,"2025-05-25",66,9900
"Set LeBorêt No. 1","3 x 100ml","1",660,"2025-05-25",66,43560
"prueba1","Default Title",,,"2025-05-25",0,0
"Manhattan Eau de Parfum","100ml","2002",150,"2025-05-25",97,14550
"Set Descubriendo LeBorêt","3 x 5ml","2",30,"2025-05-25",14,420
"Sahara Eau de Parfum","100ml","1035",170,"2025-05-25",74,12580
"Tundra Eau de Parfum","100ml","10",150,"2025-05-26",59,8850
"prueba1","Default Title",,,"2025-05-26",0,0
"Set LeBorêt No. 1","3 x 100ml","1",660,"2025-05-26",59,38940
"Manhattan Eau de Parfum","100ml","2002",150,"2025-05-26",90,13500
"Set Descubriendo LeBorêt","3 x 5ml","2",30,"2025-05-26",14,420
"Sahara Eau de Parfum","100ml","1035",170,"2025-05-26",67,11390
"Tundra Eau de Parfum","100ml","10",150,"2025-05-27",53,7950
"prueba1","Default Title",,,"2025-05-27",0,0
"Set LeBorêt No. 1","3 x 100ml","1",660,"2025-05-27",53,34980
"Manhattan Eau de Parfum","100ml","2002",150,"2025-05-27",84,12600
"Set Descubriendo LeBorêt","3 x 5ml","2",30,"2025-05-27",14,420
"Sahara Eau de Parfum","100ml","1035",170,"2025-05-27",61,10370
"prueba1","Default Title",,,"2025-05-28",0,0
"Set LeBorêt No. 1","3 x 100ml","1",660,"2025-05-28",41,27060
"Tundra Eau de Parfum","100ml","10",150,"2025-05-28",41,6150
"Manhattan Eau de Parfum","100ml","2002",150,"2025-05-28",72,10800
"Sahara Eau de Parfum","100ml","1035",170,"2025-05-28",49,8330
"Set Descubriendo LeBorêt","3 x 5ml","2",30,"2025-05-28",14,420
"prueba1","Default Title",,,"2025-05-29",0,0
"Set LeBorêt No. 1","3 x 100ml","1",660,"2025-05-29",37,24420
"Tundra Eau de Parfum","100ml","10",150,"2025-05-29",37,5550
"Manhattan Eau de Parfum","100ml","2002",150,"2025-05-29",68,10200
"Sahara Eau de Parfum","100ml","1035",170,"2025-05-29",45,7650
"Set Descubriendo LeBorêt","3 x 5ml","2",30,"2025-05-29",14,420
"Set LeBorêt No. 1","3 x 100ml","1",660,"2025-05-30",30,19800
"prueba1","Default Title",,,"2025-05-30",0,0
"Tundra Eau de Parfum","100ml","10",150,"2025-05-30",30,4500
"Manhattan Eau de Parfum","100ml","2002",150,"2025-05-30",60,9000
"Sahara Eau de Parfum","100ml","1035",170,"2025-05-30",38,6460
"Set Descubriendo LeBorêt","3 x 5ml","2",30,"2025-05-30",14,420
"Set LeBorêt No. 1","3 x 100ml","1",660,"2025-05-31",23,15180
"prueba1","Default Title",,,"2025-05-31",0,0
"Tundra Eau de Parfum","100ml","10",150,"2025-05-31",23,3450
"Manhattan Eau de Parfum","100ml","2002",150,"2025-05-31",53,7950
"Sahara Eau de Parfum","100ml","1035",170,"2025-05-31",31,5270
"Set Descubriendo LeBorêt","3 x 5ml","2",30,"2025-05-31",14,420
"Tundra Eau de Parfum","100ml","10",150,"2025-06-01",10,1500
"Set LeBorêt No. 1","3 x 100ml","1",660,"2025-06-01",10,6600
"prueba1","Default Title",,,"2025-06-01",0,0
"Set Descubriendo LeBorêt","3 x 5ml","2",30,"2025-06-01",14,420
"Sahara Eau de Parfum","100ml","1035",170,"2025-06-01",18,3060
"Manhattan Eau de Parfum","100ml","2002",150,"2025-06-01",40,6000
"Tundra Eau de Parfum","100ml","10",150,"2025-06-02",50,7500
"Set LeBorêt No. 1","3 x 100ml","1",660,"2025-06-02",50,33000
"prueba1","Default Title",,,"2025-06-02",0,0
"Set Descubriendo LeBorêt","3 x 5ml","2",30,"2025-06-02",14,420
"Sahara Eau de Parfum","100ml","1035",170,"2025-06-02",58,9860
"Manhattan Eau de Parfum","100ml","2002",150,"2025-06-02",79,11850
"Tundra Eau de Parfum","100ml","10",150,"2025-06-03",37,5550
"prueba1","Default Title",,,"2025-06-03",0,0
"Set LeBorêt No. 1","3 x 100ml","1",660,"2025-06-03",37,24420
"Set Descubriendo LeBorêt","3 x 5ml","2",30,"2025-06-03",14,420
"Sahara Eau de Parfum","100ml","1035",170,"2025-06-03",45,7650
"Manhattan Eau de Parfum","100ml","2002",150,"2025-06-03",65,9750
"Tundra Eau de Parfum","100ml","10",150,"2025-06-04",36,5400
"prueba1","Default Title",,,"2025-06-04",0,0
"Set LeBorêt No. 1","3 x 100ml","1",660,"2025-06-04",36,23760
"Set Descubriendo LeBorêt","3 x 5ml","2",30,"2025-06-04",14,420
"Sahara Eau de Parfum","100ml","1035",170,"2025-06-04",44,7480
"Manhattan Eau de Parfum","100ml","2002",150,"2025-06-04",64,9600
"prueba1","Default Title",,,"2025-06-05",0,0
"Set LeBorêt No. 1","3 x 100ml","1",660,"2025-06-05",33,21780
"Tundra Eau de Parfum","100ml","10",150,"2025-06-05",33,4950
"Sahara Eau de Parfum","100ml","1035",170,"2025-06-05",41,6970
"Set Descubriendo LeBorêt","3 x 5ml","2",30,"2025-06-05",14,420
"Manhattan Eau de Parfum","100ml","2002",150,"2025-06-05",61,9150
"prueba1","Default Title",,,"2025-06-06",0,0
"Set LeBorêt No. 1","3 x 100ml","1",660,"2025-06-06",31,20460
"Tundra Eau de Parfum","100ml","10",150,"2025-06-06",31,4650
"Sahara Eau de Parfum","100ml","1035",170,"2025-06-06",40,6800
"Set Descubriendo LeBorêt","3 x 5ml","2",30,"2025-06-06",14,420
"Manhattan Eau de Parfum","100ml","2002",150,"2025-06-06",60,9000
"Set LeBorêt No. 1","3 x 100ml","1",660,"2025-06-07",31,20460
"prueba1","Default Title",,,"2025-06-07",0,0
"Tundra Eau de Parfum","100ml","10",150,"2025-06-07",31,4650
"Sahara Eau de Parfum","100ml","1035",170,"2025-06-07",40,6800
"Set Descubriendo LeBorêt","3 x 5ml","2",30,"2025-06-07",14,420
"Manhattan Eau de Parfum","100ml","2002",150,"2025-06-07",60,9000
"Set LeBorêt No. 1","3 x 100ml","1",660,"2025-06-08",31,20460
"prueba1","Default Title",,,"2025-06-08",0,0
"Tundra Eau de Parfum","100ml","10",150,"2025-06-08",31,4650
"Sahara Eau de Parfum","100ml","1035",170,"2025-06-08",40,6800
"Set Descubriendo LeBorêt","3 x 5ml","2",30,"2025-06-08",14,420
"Manhattan Eau de Parfum","100ml","2002",150,"2025-06-08",60,9000
"prueba1","Default Title",,,"2025-06-09",0,0
"Set LeBorêt No. 1","3 x 100ml","1",660,"2025-06-09",30,19800
"Tundra Eau de Parfum","100ml","10",150,"2025-06-09",30,4500
"Manhattan Eau de Parfum","100ml","2002",150,"2025-06-09",59,8850
"Sahara Eau de Parfum","100ml","1035",170,"2025-06-09",39,6630
"Set Descubriendo LeBorêt","3 x 5ml","2",30,"2025-06-09",14,420
"prueba1","Default Title",,,"2025-06-10",0,0
"Set LeBorêt No. 1","3 x 100ml","1",660,"2025-06-10",28,18480
"Tundra Eau de Parfum","100ml","10",150,"2025-06-10",28,4200
"Manhattan Eau de Parfum","100ml","2002",150,"2025-06-10",56,8400
"Sahara Eau de Parfum","100ml","1035",170,"2025-06-10",37,6290
"Set Descubriendo LeBorêt","3 x 5ml","2",30,"2025-06-10",13,390
